"Time","Cam Hue (N3 - NZ)","Cam Sat (N3 - NZ)","Cam Val (N3 - NZ)","Air Hum (N3 - NZ)","Air Temp (N3 - NZ)","Soil Hum (N3 - NZ)","Soil Temp (N3 - NZ)","Soil Nit (N3 - NZ)","Soil Pho (N3 - NZ)","Soil Pot (N3 - NZ)","Soil pH (N3 - NZ)","Soil EC (N3 - NZ)"
1721862000000,,,,,,,,,,,,
1721862600000,,,,,,,,,,,,
1721863200000,,,,,,,,,,,,
1721863800000,,,,,,,,,,,,
1721864400000,,,,,,,,,,,,
1721865000000,,,,,,,,,,,,
1721865600000,,,,,,,,,,,,
1721866200000,,,,,,,,,,,,
1721866800000,,,,,,,,,,,,
1721867400000,,,,,,,,,,,,
1721868000000,,,,,,,,,,,,
1721868600000,,,,,,,,,,,,
1721869200000,,,,,,,,,,,,
1721869800000,,,,,,,,,,,,
1721870400000,,,,,,,,,,,,
1721871000000,,,,,,,,,,,,
1721871600000,,,,,,,,,,,,
1721872200000,,,,,,,,,,,,
1721872800000,,,,,,,,,,,,
1721873400000,,,,,,,,,,,,
1721874000000,,,,,,,,,,,,
1721874600000,,,,,,,,,,,,
1721875200000,,,,,,,,,,,,
1721875800000,,,,,,,,,,,,
1721876400000,,,,,,,,,,,,
1721877000000,,,,,,,,,,,,
1721877600000,,,,,,,,,,,,
1721878200000,,,,,,,,,,,,
1721878800000,,,,,,,,,,,,
1721879400000,,,,,,,,,,,,
1721880000000,,,,,,,,,,,,
1721880600000,,,,,,,,,,,,
1721881200000,,,,,,,,,,,,
1721881800000,,,,,,,,,,,,
1721882400000,,,,,,,,,,,,
1721883000000,,,,,,,,,,,,
1721883600000,,,,,,,,,,,,
1721884200000,,,,,,,,,,,,
1721884800000,,,,,,,,,,,,
1721885400000,,,,,,,,,,,,
1721886000000,,,,,,,,,,,,
1721886600000,,,,,,,,,,,,
1721887200000,,,,,,,,,,,,
1721887800000,,,,,,,,,,,,
1721888400000,,,,,,,,,,,,
1721889000000,,,,,,,,,,,,
1721889600000,,,,,,,,,,,,
1721890200000,,,,,,,,,,,,
1721890800000,,,,,,,,,,,,
1721891400000,,,,,,,,,,,,
1721892000000,,,,,,,,,,,,
1721892600000,,,,,,,,,,,,
1721893200000,,,,,,,,,,,,
1721893800000,,,,,,,,,,,,
1721894400000,,,,,,,,,,,,
1721895000000,,,,,,,,,,,,
1721895600000,,,,,,,,,,,,
1721896200000,,,,,,,,,,,,
1721896800000,,,,,,,,,,,,
1721897400000,,,,,,,,,,,,
1721898000000,,,,,,,,,,,,
1721898600000,,,,,,,,,,,,
1721899200000,,,,,,,,,,,,
1721899800000,,,,,,,,,,,,
1721900400000,,,,,,,,,,,,
1721901000000,,,,,,,,,,,,
1721901600000,,,,,,,,,,,,
1721902200000,,,,,,,,,,,,
1721902800000,,,,,,,,,,,,
1721903400000,,,,,,,,,,,,
1721904000000,,,,,,,,,,,,
1721904600000,,,,,,,,,,,,
1721905200000,,,,,,,,,,,,
1721905800000,,,,,,,,,,,,
1721906400000,,,,,,,,,,,,
1721907000000,,,,,,,,,,,,
1721907600000,,,,,,,,,,,,
1721908200000,,,,,,,,,,,,
1721908800000,,,,,,,,,,,,
1721909400000,,,,,,,,,,,,
1721910000000,,,,,,,,,,,,
1721910600000,,,,,,,,,,,,
1721911200000,,,,,,,,,,,,
1721911800000,,,,,,,,,,,,
1721912400000,,,,,,,,,,,,
1721913000000,,,,,,,,,,,,
1721913600000,,,,,,,,,,,,
1721914200000,,,,,,,,,,,,
1721914800000,,,,,,,,,,,,
1721915400000,,,,,,,,,,,,
1721916000000,,,,,,,,,,,,
1721916600000,,,,,,,,,,,,
1721917200000,,,,,,,,,,,,
1721917800000,,,,,,,,,,,,
1721918400000,,,,,,,,,,,,
1721919000000,,,,,,,,,,,,
1721919600000,,,,,,,,,,,,
1721920200000,,,,,,,,,,,,
1721920800000,,,,,,,,,,,,
1721921400000,,,,,,,,,,,,
1721922000000,,,,,,,,,,,,
1721922600000,,,,,,,,,,,,
1721923200000,,,,,,,,,,,,
1721923800000,,,,,,,,,,,,
1721924400000,,,,,,,,,,,,
1721925000000,,,,,,,,,,,,
1721925600000,,,,,,,,,,,,
1721926200000,,,,,,,,,,,,
1721926800000,,,,,,,,,,,,
1721927400000,,,,,,,,,,,,
1721928000000,,,,,,,,,,,,
1721928600000,,,,,,,,,,,,
1721929200000,,,,,,,,,,,,
1721929800000,,,,,,,,,,,,
1721930400000,,,,,,,,,,,,
1721931000000,,,,,,,,,,,,
1721931600000,,,,,,,,,,,,
1721932200000,,,,,,,,,,,,
1721932800000,,,,,,,,,,,,
1721933400000,,,,,,,,,,,,
1721934000000,,,,,,,,,,,,
1721934600000,,,,,,,,,,,,
1721935200000,,,,,,,,,,,,
1721935800000,,,,,,,,,,,,
1721936400000,,,,,,,,,,,,
1721937000000,,,,,,,,,,,,
1721937600000,,,,,,,,,,,,
1721938200000,,,,,,,,,,,,
1721938800000,,,,,,,,,,,,
1721939400000,,,,,,,,,,,,
1721940000000,,,,,,,,,,,,
1721940600000,,,,,,,,,,,,
1721941200000,,,,,,,,,,,,
1721941800000,,,,,,,,,,,,
1721942400000,,,,,,,,,,,,
1721943000000,,,,,,,,,,,,
1721943600000,,,,,,,,,,,,
1721944200000,,,,,,,,,,,,
1721944800000,,,,,,,,,,,,
1721945400000,,,,,,,,,,,,
1721946000000,,,,,,,,,,,,
1721946600000,,,,,,,,,,,,
1721947200000,,,,,,,,,,,,
1721947800000,,,,,,,,,,,,
1721948400000,,,,,,,,,,,,
1721949000000,,,,,,,,,,,,
1721949600000,,,,,,,,,,,,
1721950200000,,,,,,,,,,,,
1721950800000,,,,,,,,,,,,
1721951400000,,,,,,,,,,,,
1721952000000,,,,,,,,,,,,
1721952600000,,,,,,,,,,,,
1721953200000,,,,,,,,,,,,
1721953800000,,,,,,,,,,,,
1721954400000,,,,,,,,,,,,
1721955000000,,,,,,,,,,,,
1721955600000,,,,,,,,,,,,
1721956200000,,,,,,,,,,,,
1721956800000,7,4,3,37.7,28.7,25,19.4,57,28.7,113,0.4,207
1721957400000,7,4,3,37.69,28.68,25,19.4,57,28.68,113,0.4,207
1721958000000,7,4,3,37.75,28.71,24.9,19.4,57,28.71,113,0.4,207
1721958600000,7,4,3,37.76,28.75,25,19.4,57,28.75,113,0.4,207
1721959200000,7,4,3,37.78,28.72,25,19.5,57,28.72,113,0.4,207
1721959800000,7,4,3,37.76,28.69,25.1,19.5,57,28.69,113,0.4,207
1721960400000,7,4,3,37.75,28.73,25,19.5,57,28.73,113,0.4,207
1721961000000,7,4,3,37.78,28.77,25,19.6,57,28.77,113,0.4,207
1721961600000,7,4,3,37.79,28.8,25,19.6,57,28.8,113,0.4,207
1721962200000,7,4,3,37.83,28.9,25,19.6,57,28.9,113,0.4,207
1721962800000,7,4,3,37.97,28.99,25,19.6,57,28.99,113,0.4,207
1721963400000,7,4,3,37.96,29.14,24.9,19.7,57,29.14,113,0.4,207
1721964000000,7,4,3,38.08,29.21,25,19.7,57,29.21,114,0.4,208
1721964600000,7,4,3,38.19,29.32,24.9,19.8,57,29.32,114,0.4,208
1721965200000,7,4,3,38.2,29.46,25,19.9,57,29.46,114,0.4,208
1721965800000,7,4,3,38.09,29.36,24.9,19.9,57,29.36,114,0.4,208
1721966400000,7,4,3,38.01,29.28,24.9,19.9,57,29.28,114,0.4,208
1721967000000,7,4,3,37.93,29.25,24.9,19.9,57,29.25,114,0.4,208
1721967600000,7,4,3,37.89,29.16,24.9,19.9,57,29.16,114,0.4,208
1721968200000,,,,,,,,,,,,
1721968800000,7,4,3,37.85,28.92,24.8,19.8,57,28.92,114,0.4,208
1721969400000,7,4,3,37.74,28.82,24.9,19.8,57,28.82,114,0.4,208
1721970000000,7,4,3,37.58,28.66,24.9,19.8,57,28.66,114,0.4,208
1721970600000,7,4,3,37.55,28.49,25,19.7,57,28.49,114,0.4,208
1721971200000,7,4,3,37.46,28.33,24.9,19.7,57,28.33,114,0.4,208
1721971800000,7,4,3,37.8,28.05,24.9,19.6,57,28.05,113,0.4,207
1721972400000,7,4,3,37.94,27.63,24.9,19.5,57,27.63,113,0.4,207
1721973000000,7,4,3,37.94,27.13,25,19.3,57,27.13,113,0.4,207
1721973600000,7,4,3,38.09,26.76,24.9,19.1,56,26.76,113,0.4,206
1721974200000,7,4,3,38.15,26.47,24.9,18.9,56,26.47,113,0.4,206
1721974800000,7,4,3,38.26,26.22,24.9,18.7,56,26.22,113,0.4,206
1721975400000,7,4,3,38.23,26,24.9,18.6,56,26,112,0.4,205
1721976000000,7,4,3,38.33,25.8,24.8,18.4,56,25.8,112,0.4,205
1721976600000,7,4,3,38.43,25.61,24.9,18.3,55,25.61,112,0.4,204
1721977200000,7,4,3,38.46,25.46,24.9,18.1,55,25.46,112,0.4,204
1721977800000,7,4,3,38.61,25.24,25,18,55,25.24,112,0.4,204
1721978400000,7,4,3,38.68,25.18,24.9,17.9,55,25.18,111,0.3,203
1721979000000,7,4,3,38.71,25.07,24.9,17.7,55,25.07,111,0.3,203
1721979600000,7,4,3,38.77,25.01,24.9,17.6,55,25.01,111,0.3,203
1721980200000,7,4,3,38.76,24.93,24.9,17.5,54,24.93,111,0.3,202
1721980800000,7,4,3,38.76,24.85,24.9,17.3,54,24.85,111,0.3,202
1721981400000,7,4,3,38.76,24.72,25,17.2,54,24.72,111,0.3,202
1721982000000,7,4,3,38.77,24.64,24.8,17.1,54,24.64,111,0.3,202
1721982600000,7,4,3,38.79,24.54,24.9,17.1,54,24.54,110,0.3,201
1721983200000,7,4,3,38.75,24.48,24.9,16.9,54,24.48,110,0.3,201
1721983800000,7,4,3,38.66,24.4,25,16.8,54,24.4,110,0.3,201
1721984400000,7,4,3,38.64,24.25,24.9,16.8,54,24.25,110,0.3,201
1721985000000,7,4,3,38.55,24.17,24.9,16.6,54,24.17,110,0.3,201
1721985600000,7,4,3,38.54,24.06,24.9,16.5,53,24.06,110,0.3,200
1721986200000,7,4,3,38.53,23.95,24.9,16.5,53,23.95,110,0.3,200
1721986800000,7,4,3,38.47,23.83,24.9,16.3,53,23.83,110,0.3,200
1721987400000,7,4,3,38.43,23.75,24.9,16.3,53,23.75,110,0.3,200
1721988000000,7,4,3,38.46,23.6,25,16.2,53,23.6,109,0.3,199
1721988600000,7,4,3,38.44,23.59,24.9,16.1,53,23.59,109,0.3,199
1721989200000,7,4,3,38.37,23.54,25,16,53,23.54,109,0.3,199
1721989800000,7,4,3,38.28,23.47,24.9,15.9,53,23.47,109,0.3,199
1721990400000,7,4,3,38.29,23.41,24.8,15.9,53,23.41,109,0.3,199
1721991000000,7,4,3,38.29,23.37,25,15.7,52,23.37,108,0.2,198
1721991600000,7,4,3,38.19,23.32,25,15.7,52,23.32,108,0.2,198
1721992200000,7,4,3,38.23,23.22,24.9,15.6,52,23.22,108,0.2,198
1721992800000,7,4,3,38.22,23.21,25.1,15.6,52,23.21,108,0.2,198
1721993400000,7,4,3,38.16,23.18,24.9,15.5,52,23.18,108,0.2,198
1721994000000,7,4,3,38.14,23.09,24.9,15.4,52,23.09,108,0.2,197
1721994600000,7,4,3,38.18,23.04,24.9,15.4,52,23.04,108,0.2,197
1721995200000,7,4,3,38.09,23.02,25,15.3,52,23.02,108,0.2,197
1721995800000,7,4,3,38.1,23.02,24.9,15.3,52,23.02,108,0.2,197
1721996400000,7,4,3,38.08,23,24.9,15.2,52,23,108,0.2,197
1721997000000,7,4,3,38.05,22.96,25,15.2,52,22.96,108,0.2,197
1721997600000,7,4,3,38.08,22.93,25,15.1,52,22.93,108,0.2,197
1721998200000,7,4,3,38.1,22.9,25,15.1,51,22.9,107,0.2,196
1721998800000,7,4,3,38.02,22.91,25,15,51,22.91,107,0.2,196
1721999400000,7,4,3,37.92,22.9,25,15,51,22.9,107,0.2,196
1722000000000,7,4,3,37.88,22.83,25,14.8,51,22.83,107,0.2,196
1722000600000,7,4,3,37.94,22.71,24.9,14.8,51,22.71,107,0.2,196
1722001200000,7,4,3,37.9,22.61,25,14.8,51,22.61,107,0.2,196
1722001800000,7,4,3,37.85,22.56,24.9,14.7,51,22.56,107,0.2,196
1722002400000,7,4,3,37.79,22.48,25,14.7,51,22.48,107,0.2,196
1722003000000,7,4,3,37.83,22.3,24.9,14.6,51,22.3,107,0.2,195
1722003600000,7,4,3,37.85,22.25,24.9,14.6,51,22.25,107,0.2,195
1722004200000,7,4,3,37.79,22.26,24.9,14.5,51,22.26,107,0.2,195
1722004800000,7,4,3,37.72,22.24,24.9,14.5,51,22.24,107,0.2,195
1722005400000,7,4,3,37.75,22.2,25,14.4,51,22.2,107,0.2,195
1722006000000,7,4,3,37.69,22.19,25,14.4,51,22.19,107,0.2,195
1722006600000,7,4,3,37.72,22.19,24.9,14.4,51,22.19,107,0.2,195
1722007200000,7,4,3,37.66,22.15,24.9,14.4,51,22.15,107,0.2,195
1722007800000,7,4,3,37.69,22.14,24.9,14.3,51,22.14,107,0.2,195
1722008400000,7,4,3,37.72,22.07,25.1,14.3,51,22.07,107,0.2,195
1722009000000,7,4,3,37.67,22.09,24.9,14.2,50,22.09,106,0.2,194
1722009600000,7,4,3,37.68,22.09,24.9,14.3,50,22.09,106,0.2,194
1722010200000,7,4,3,37.68,22.07,25,14.2,50,22.07,106,0.2,194
1722010800000,7,4,3,37.66,22.05,24.9,14.2,50,22.05,106,0.2,194
1722011400000,7,4,3,37.61,22.09,25,14.2,50,22.09,106,0.2,194
1722012000000,7,4,3,37.61,22.1,25,14.2,50,22.1,106,0.2,194
1722012600000,7,4,3,37.62,22.08,25,14.2,50,22.08,106,0.2,194
1722013200000,7,4,3,37.56,22.1,24.9,14.2,50,22.1,106,0.2,194
1722013800000,7,4,3,37.58,22.1,24.9,14.1,50,22.1,106,0.2,194
1722014400000,7,4,3,37.66,22.07,24.9,14.1,50,22.07,106,0.2,194
1722015000000,7,4,3,37.71,22.06,24.9,14.1,50,22.06,106,0.2,194
1722015600000,7,4,3,37.67,22.1,24.9,14.1,50,22.1,106,0.2,194
1722016200000,7,4,3,37.72,22.08,24.9,14.1,50,22.08,106,0.2,194
1722016800000,7,4,3,37.76,22.06,24.9,14.1,50,22.06,106,0.2,194
1722017400000,7,4,3,37.84,22.07,24.9,14,50,22.07,106,0.2,194
1722018000000,7,4,3,37.79,22.06,25,14,50,22.06,106,0.2,194
1722018600000,7,4,3,37.77,22.03,24.9,14,50,22.03,106,0.2,194
1722019200000,7,4,3,37.87,21.98,24.9,14,50,21.98,106,0.2,194
1722019800000,7,4,3,37.8,21.96,24.9,14,50,21.96,106,0.2,194
1722020400000,7,4,3,37.73,21.93,24.9,13.9,50,21.93,106,0.1,193
1722021000000,7,4,3,37.77,21.89,24.9,13.9,50,21.89,106,0.1,193
1722021600000,7,4,3,37.84,21.92,24.9,13.9,50,21.92,106,0.1,193
1722022200000,7,4,3,37.86,21.95,24.9,13.9,50,21.95,106,0.1,193
1722022800000,7,4,3,37.9,22,24.9,13.9,50,22,106,0.1,193
1722023400000,7,4,3,38.03,22.05,24.9,13.9,50,22.05,106,0.1,193
1722024000000,7,4,3,38.02,22.09,24.8,13.9,50,22.09,106,0.1,193
1722024600000,7,4,3,38.19,22.19,24.9,14,50,22.19,106,0.1,193
1722025200000,7,4,3,38.19,22.26,24.9,14,50,22.26,106,0.1,193
1722025800000,7,4,3,38.19,22.3,24.9,14,50,22.3,106,0.1,193
1722026400000,7,4,3,38.4,22.34,24.9,14,50,22.34,106,0.2,194
1722027000000,7,4,3,38.51,22.48,24.9,14,50,22.48,106,0.2,194
1722027600000,7,4,3,38.55,22.63,24.9,14.1,50,22.63,106,0.2,194
1722028200000,7,4,3,38.6,22.77,24.9,14.2,50,22.77,106,0.2,194
1722028800000,7,4,3,38.69,22.8,24.9,14.2,50,22.8,106,0.2,194
1722029400000,7,4,3,38.82,22.95,24.9,14.3,50,22.95,106,0.2,194
1722030000000,7,4,3,39.05,23.14,24.8,14.4,50,23.14,106,0.2,194
1722030600000,7,4,3,38.94,23.3,24.8,14.5,50,23.3,106,0.2,194
1722031200000,7,4,3,39.08,23.43,24.9,14.6,51,23.43,107,0.2,195
1722031800000,7,4,3,39.23,23.46,24.8,14.7,51,23.46,107,0.2,195
1722032400000,7,4,3,39.28,23.62,24.9,14.8,51,23.62,107,0.2,195
1722033000000,7,4,3,39.45,23.76,24.9,14.9,51,23.76,107,0.2,195
1722033600000,7,4,3,39.58,23.95,24.8,15.1,51,23.95,107,0.2,195
1722034200000,7,4,3,39.73,24.14,24.7,15.2,51,24.14,107,0.2,196
1722034800000,7,4,3,39.8,24.27,24.8,15.4,51,24.27,107,0.2,196
1722035400000,7,4,3,39.87,24.41,24.9,15.5,51,24.41,107,0.2,196
1722036000000,7,4,3,39.99,24.59,24.6,15.6,52,24.59,108,0.2,197
1722036600000,7,4,3,40.1,24.73,24.7,15.7,52,24.73,108,0.2,197
1722037200000,7,4,3,40.27,25.02,24.7,15.9,52,25.02,108,0.2,197
1722037800000,7,4,3,40.34,25.2,24.8,16,52,25.2,108,0.2,197
1722038400000,7,4,3,40.25,25.27,24.7,16.2,52,25.27,108,0.2,198
1722039000000,7,4,3,40.5,25.34,24.7,16.3,52,25.34,108,0.2,198
1722039600000,7,4,3,40.87,25.56,24.6,16.5,52,25.56,108,0.2,198
1722040200000,7,4,3,40.6,25.62,24.6,16.6,52,25.62,108,0.2,198
1722040800000,7,4,3,40.53,25.51,24.7,16.6,52,25.51,108,0.2,198
1722041400000,7,4,3,40.46,25.37,24.6,16.7,52,25.37,108,0.2,198
1722042000000,7,4,3,40.47,25.26,24.6,16.7,52,25.26,108,0.2,198
1722042600000,7,4,3,40.55,25.19,24.6,16.7,52,25.19,108,0.2,198
1722043200000,7,4,3,40.53,25.15,24.5,16.7,52,25.15,108,0.2,198
1722043800000,7,4,3,40.6,25.13,24.8,16.7,52,25.13,108,0.2,198
1722044400000,7,4,3,40.59,25.09,24.6,16.7,52,25.09,108,0.2,198
1722045000000,7,4,3,40.5,25.13,24.7,16.7,52,25.13,108,0.2,198
1722045600000,7,4,3,40.51,25.2,24.5,16.8,52,25.2,108,0.2,198
1722046200000,7,4,3,40.52,25.26,24.5,16.8,52,25.26,108,0.2,198
1722046800000,7,4,3,40.51,25.4,24.5,16.8,52,25.4,108,0.2,198
1722047400000,7,4,3,40.7,25.54,24.5,16.9,52,25.54,108,0.2,198
1722048000000,7,4,3,41.01,25.8,24.5,17.1,53,25.8,109,0.3,199
1722048600000,7,4,3,41.17,26.03,24.5,17.3,53,26.03,109,0.3,199
1722049200000,7,4,3,41.2,26.15,24.5,17.4,53,26.15,109,0.3,199
1722049800000,7,4,3,40.94,26.01,24.6,17.5,53,26.01,109,0.3,199
1722050400000,7,4,3,40.86,25.85,24.4,17.5,53,25.85,109,0.3,199
1722051000000,7,4,3,40.85,25.64,24.4,17.5,53,25.64,109,0.3,199
1722051600000,7,4,3,40.74,25.46,24.4,17.4,53,25.46,109,0.3,199
1722052200000,7,4,3,40.73,25.28,24.4,17.3,53,25.28,109,0.3,199
1722052800000,7,4,3,40.68,25.18,24.4,17.3,53,25.18,109,0.3,199
1722053400000,7,4,3,40.72,25.15,24.4,17.2,52,25.15,108,0.2,198
1722054000000,7,4,3,40.67,25.07,24.4,17.2,52,25.07,108,0.2,198
1722054600000,7,4,3,40.53,24.98,24.3,17.1,52,24.98,108,0.2,198
1722055200000,7,4,3,40.54,24.81,24.4,17.1,52,24.81,108,0.2,198
1722055800000,7,4,3,40.56,24.62,24.4,17,52,24.62,108,0.2,198
1722056400000,7,4,3,40.57,24.42,24.4,16.9,52,24.42,108,0.2,197
1722057000000,7,4,3,40.56,24.23,24.4,16.8,52,24.23,108,0.2,197
1722057600000,7,4,3,40.59,24.04,24.4,16.7,52,24.04,108,0.2,197
1722058200000,,,,,,,,,,,,
1722058800000,7,4,3,40.59,23.87,24.4,16.6,51,23.87,107,0.2,196
1722059400000,7,4,3,40.61,23.71,24.3,16.4,51,23.71,107,0.2,196
1722060000000,7,4,3,40.61,23.6,24.3,16.3,51,23.6,107,0.2,196
1722060600000,7,4,3,40.68,23.56,24.4,16.2,51,23.56,107,0.2,195
1722061200000,7,4,3,40.64,23.52,24.4,16.1,51,23.52,107,0.2,195
1722061800000,7,4,3,40.57,23.43,24.4,16,51,23.43,107,0.2,195
1722062400000,7,4,3,40.65,23.37,24.3,15.9,51,23.37,107,0.2,195
1722063000000,7,4,3,40.61,23.28,24.3,15.8,50,23.28,106,0.2,194
1722063600000,7,4,3,40.58,23.2,24.3,15.7,50,23.2,106,0.2,194
1722064200000,7,4,3,40.7,23.12,24.2,15.6,50,23.12,106,0.2,194
1722064800000,7,4,3,40.6,23.01,24.3,15.6,50,23.01,106,0.2,194
1722065400000,7,4,3,40.63,22.96,24.2,15.5,50,22.96,106,0.2,194
1722066000000,7,4,3,40.57,22.84,24.2,15.4,50,22.84,106,0.1,193
1722066600000,7,4,3,40.63,22.79,24.3,15.4,50,22.79,106,0.1,193
1722067200000,7,4,3,40.57,22.75,24.4,15.3,50,22.75,106,0.1,193
1722067800000,7,4,3,40.53,22.73,24.4,15.3,50,22.73,106,0.1,193
1722068400000,7,4,3,40.56,22.69,24.3,15.2,50,22.69,106,0.1,193
1722069000000,7,4,3,40.57,22.62,24.3,15.2,49,22.62,105,0.1,192
1722069600000,7,4,3,40.56,22.56,24.2,15.1,49,22.56,105,0.1,192
1722070200000,7,4,3,40.57,22.52,24.2,15.1,49,22.52,105,0.1,192
1722070800000,7,4,3,40.58,22.5,24.3,15,49,22.5,105,0.1,192
1722071400000,7,4,3,40.66,22.45,24.2,15,49,22.45,105,0.1,192
1722072000000,7,4,3,40.65,22.49,24.3,14.9,49,22.49,105,0.1,192
1722072600000,7,4,3,40.6,22.47,24.2,14.8,49,22.47,105,0.1,192
1722073200000,7,4,3,40.65,22.41,24.4,14.8,49,22.41,105,0.1,192
1722073800000,7,4,3,40.6,22.34,24.2,14.8,49,22.34,105,0.1,191
1722074400000,7,4,3,40.7,22.31,24.2,14.8,49,22.31,105,0.1,191
1722075000000,7,4,3,40.65,22.33,24.2,14.7,49,22.33,105,0.1,191
1722075600000,7,4,3,40.69,22.29,24.3,14.7,49,22.29,105,0.1,191
1722076200000,7,4,3,40.71,22.24,24.2,14.7,49,22.24,105,0.1,191
1722076800000,7,4,3,40.63,22.26,24.2,14.6,49,22.26,105,0.1,191
1722077400000,7,4,3,40.64,22.18,24.2,14.5,49,22.18,105,0.1,191
1722078000000,7,4,3,40.62,22.12,24.2,14.5,49,22.12,105,0.1,191
1722078600000,7,4,3,40.62,22.07,24.2,14.4,49,22.07,105,0.1,191
1722079200000,7,4,3,40.65,22.01,24.2,14.4,48,22.01,104,0.1,190
1722079800000,7,4,3,40.62,21.97,24.2,14.4,48,21.97,104,0.1,190
1722080400000,7,4,3,40.73,21.97,24.2,14.3,48,21.97,104,0.1,190
1722081000000,7,4,3,40.66,21.97,24.2,14.3,48,21.97,104,0.1,190
1722081600000,7,4,3,40.57,21.93,24,14.3,48,21.93,104,0.1,190
1722082200000,7,4,3,40.65,21.88,24.2,14.2,48,21.88,104,0.1,190
1722082800000,7,4,3,40.65,21.9,24.2,14.2,48,21.9,104,0.1,190
1722083400000,7,4,3,40.67,21.87,24.2,14.2,48,21.87,104,0.1,190
1722084000000,7,4,3,40.65,21.85,24.2,14.1,48,21.85,103,0.1,189
1722084600000,7,4,3,40.7,21.88,24.2,14.1,48,21.88,103,0.1,189
1722085200000,7,4,3,40.67,21.85,24.2,14.1,48,21.85,103,0.1,189
1722085800000,7,4,3,40.63,21.82,24.3,14.1,48,21.82,103,0.1,189
1722086400000,7,4,3,40.6,21.8,24.2,14,48,21.8,103,0.1,189
1722087000000,7,4,3,40.5,21.71,24.2,14,48,21.71,103,0.1,189
1722087600000,7,4,3,40.56,21.64,24.1,14,48,21.64,103,0.1,189
1722088200000,7,4,3,40.53,21.6,24.2,13.9,48,21.6,103,0.1,189
1722088800000,7,4,3,40.48,21.55,24.2,13.9,48,21.55,103,0.1,189
1722089400000,7,4,3,40.45,21.54,24.4,13.9,48,21.54,103,0.1,189
1722090000000,7,4,3,40.45,21.51,24.2,13.9,48,21.51,103,0.1,189
1722090600000,7,4,3,40.38,21.52,24.2,13.8,48,21.52,103,0.1,189
1722091200000,7,4,3,40.47,21.52,24.2,13.8,47,21.52,103,0,188
1722091800000,7,4,3,40.35,21.48,24.2,13.8,47,21.48,103,0,188
1722092400000,7,4,3,40.4,21.48,24.2,13.8,47,21.48,103,0,188
1722093000000,7,4,3,40.48,21.5,24.2,13.8,47,21.5,103,0,188
1722093600000,7,4,3,40.44,21.57,24.1,13.8,47,21.57,103,0,188
1722094200000,7,4,3,40.43,21.52,24.1,13.8,47,21.52,103,0,188
1722094800000,7,4,3,40.54,21.55,24.1,13.8,47,21.55,103,0,188
1722095400000,7,4,3,40.51,21.54,24.1,13.7,47,21.54,103,0,188
1722096000000,7,4,3,40.64,21.59,24,13.8,47,21.59,103,0,188
1722096600000,7,4,3,40.66,21.56,24.1,13.7,47,21.56,103,0,188
1722097200000,7,4,3,40.59,21.59,24.1,13.8,47,21.59,103,0,188
1722097800000,7,4,3,40.57,21.58,24,13.7,47,21.58,103,0,188
1722098400000,7,4,3,40.66,21.53,24.1,13.7,47,21.53,103,0,188
1722099000000,7,4,3,40.6,21.56,24.1,13.7,47,21.56,103,0,188
1722099600000,7,4,3,40.55,21.57,24,13.7,47,21.57,103,0,188
1722100200000,7,4,3,40.49,21.55,24.2,13.7,47,21.55,103,0,188
1722100800000,7,4,3,40.51,21.53,24.1,13.7,47,21.53,103,0,188
1722101400000,7,4,3,40.51,21.53,24.1,13.7,47,21.53,103,0,188
1722102000000,7,4,3,40.6,21.5,24.2,13.7,47,21.5,103,0,188
1722102600000,7,4,3,40.46,21.47,24.1,13.7,47,21.47,103,0,188
1722103200000,7,4,3,40.57,21.43,24.1,13.7,47,21.43,103,0,188
1722103800000,7,4,3,40.63,21.4,24.1,13.6,47,21.4,102,0,187
1722104400000,7,4,3,40.62,21.45,23.9,13.6,47,21.45,102,0,187
1722105000000,7,4,3,40.7,21.48,24.1,13.7,47,21.48,102,0,187
1722105600000,7,4,3,40.69,21.49,24.2,13.7,47,21.49,102,0,187
1722106200000,7,4,3,40.75,21.51,24.2,13.6,47,21.51,102,0,187
1722106800000,7,4,3,40.69,21.5,24.1,13.6,47,21.5,102,0,187
1722107400000,7,4,3,40.67,21.49,24,13.6,47,21.49,102,0,187
1722108000000,7,4,3,40.7,21.45,24,13.6,47,21.45,102,0,187
1722108600000,7,4,3,40.78,21.45,24,13.6,47,21.45,102,0,187
1722109200000,7,4,3,40.8,21.49,24.1,13.6,47,21.49,102,0,187
1722109800000,7,4,3,40.85,21.54,24,13.6,47,21.54,102,0,187
1722110400000,7,4,3,40.95,21.57,23.8,13.6,47,21.57,102,0,187
1722111000000,7,4,3,41.01,21.62,24,13.6,47,21.62,102,0,187
1722111600000,7,4,3,40.97,21.64,24.1,13.7,47,21.64,102,0,187
1722112200000,7,4,3,41.09,21.71,24,13.7,47,21.71,102,0,187
1722112800000,7,4,3,41.23,21.84,24,13.7,47,21.84,102,0,187
1722113400000,7,4,3,41.32,22.05,24,13.8,47,22.05,102,0,187
1722114000000,7,4,3,41.34,22.22,24,13.9,47,22.22,102,0,187
1722114600000,7,4,3,41.56,22.35,24,14,47,22.35,102,0,187
1722115200000,7,4,3,41.56,22.5,24,14,47,22.5,103,0,188
1722115800000,7,4,3,41.7,22.57,24,14.2,47,22.57,103,0,188
1722116400000,7,4,3,41.73,22.7,24,14.3,47,22.7,103,0,188
1722117000000,7,4,3,41.8,22.83,24,14.4,47,22.83,103,0,188
1722117600000,7,4,3,41.98,22.96,23.9,14.5,47,22.96,103,0,188
1722118200000,7,4,3,42.27,23.19,23.9,14.6,48,23.19,103,0.1,189
1722118800000,7,4,3,42.43,23.43,23.9,14.7,48,23.43,103,0.1,189
1722119400000,7,4,3,42.51,23.58,23.9,14.9,48,23.58,103,0.1,189
1722120000000,7,4,3,42.56,23.66,23.9,15.1,48,23.66,103,0.1,189
1722120600000,7,4,3,42.84,24.12,23.9,15.2,48,24.12,104,0.1,190
1722121200000,7,4,3,43.03,24.71,23.7,15.5,48,24.71,104,0.1,190
1722121800000,7,4,3,43.19,25.02,23.9,15.8,49,25.02,105,0.1,191
1722122400000,7,4,3,43.32,25.22,23.8,16,49,25.22,105,0.1,191
1722123000000,7,4,3,43.28,25.3,23.7,16.3,49,25.3,105,0.1,192
1722123600000,7,4,3,43.33,25.34,23.8,16.5,49,25.34,105,0.1,192
1722124200000,7,4,3,43.48,25.38,23.7,16.6,49,25.38,105,0.1,192
1722124800000,7,4,3,43.46,25.47,23.9,16.7,49,25.47,105,0.1,192
1722125400000,7,4,3,43.62,25.56,23.7,16.9,50,25.56,106,0.1,193
1722126000000,7,4,3,43.63,25.83,23.8,17,50,25.83,106,0.1,193
1722126600000,7,4,3,43.62,26.04,23.6,17.2,50,26.04,106,0.1,193
1722127200000,7,4,3,43.72,26.08,23.6,17.3,50,26.08,106,0.1,193
1722127800000,7,4,3,43.75,26.13,23.6,17.5,50,26.13,106,0.2,194
1722128400000,7,4,3,43.75,26.15,23.6,17.6,50,26.15,106,0.2,194
1722129000000,7,4,3,43.75,26.11,23.5,17.7,50,26.11,106,0.2,194
1722129600000,7,4,3,43.55,25.91,23.6,17.7,50,25.91,106,0.2,194
1722130200000,7,4,3,43.54,25.72,23.6,17.7,50,25.72,106,0.2,194
1722130800000,7,4,3,43.59,25.58,23.6,17.7,50,25.58,106,0.2,194
1722131400000,7,4,3,43.58,25.52,23.6,17.6,50,25.52,106,0.2,194
1722132000000,7,4,3,43.56,25.46,23.6,17.6,50,25.46,106,0.1,193
1722132600000,7,4,3,43.64,25.55,23.4,17.6,50,25.55,106,0.1,193
1722133200000,7,4,3,43.53,25.48,23.5,17.7,50,25.48,106,0.1,193
1722133800000,7,4,3,43.56,25.39,23.3,17.6,50,25.39,106,0.1,193
1722134400000,7,4,3,43.39,25.34,23.3,17.6,50,25.34,106,0.1,193
1722135000000,7,4,3,43.37,25.25,23.5,17.5,50,25.25,106,0.1,193
1722135600000,7,4,3,43.39,25.19,23.3,17.5,49,25.19,105,0.1,192
1722136200000,7,4,3,43.34,25.1,23.5,17.5,49,25.1,105,0.1,192
1722136800000,7,4,3,43.25,25.03,23.4,17.4,49,25.03,105,0.1,192
1722137400000,7,4,3,42.96,24.87,23.4,17.3,49,24.87,105,0.1,192
1722138000000,7,4,3,42.82,24.74,23.2,17.2,49,24.74,105,0.1,191
1722138600000,7,4,3,42.79,24.61,23.2,17.1,49,24.61,105,0.1,191
1722139200000,7,4,3,42.69,24.51,23.3,17.1,49,24.51,105,0.1,191
1722139800000,7,4,3,42.75,24.46,23.4,17,48,24.46,104,0.1,190
1722140400000,7,4,3,42.92,24.55,23.3,17,48,24.55,104,0.1,190
1722141000000,7,4,3,42.75,24.65,23.3,17,48,24.65,104,0.1,190
1722141600000,7,4,3,42.65,24.57,23.4,17,48,24.57,104,0.1,190
1722142200000,7,4,3,42.47,24.45,23.3,16.9,48,24.45,104,0.1,190
1722142800000,7,4,3,42.36,24.22,23.3,16.9,48,24.22,103,0.1,189
1722143400000,7,4,3,42.07,24.06,23.3,16.8,48,24.06,103,0.1,189
1722144000000,7,4,3,42.02,23.83,23.3,16.7,48,23.83,103,0.1,189
1722144600000,7,4,3,42.29,23.65,23.2,16.6,47,23.65,103,0,188
1722145200000,7,4,3,42.36,23.47,23.2,16.5,47,23.47,103,0,188
1722145800000,7,4,3,42.3,23.39,23.1,16.3,47,23.39,103,0,188
1722146400000,7,4,3,42.49,23.17,23.3,16.2,47,23.17,102,0,187
1722147000000,7,4,3,42.5,23.07,23.2,16.1,47,23.07,102,0,187
1722147600000,7,4,3,42.43,23.02,23.3,15.9,47,23.02,102,0,187
1722148200000,7,4,3,42.35,22.95,23.2,15.9,47,22.95,102,0,187
1722148800000,7,4,3,42.33,22.87,23.2,15.7,46,22.87,102,0,186
1722149400000,7,4,3,42.39,22.82,23.2,15.7,46,22.82,102,0,186
1722150000000,7,4,3,42.43,22.77,23.1,15.6,46,22.77,102,0,186
1722150600000,7,4,3,42.35,22.72,23.2,15.5,46,22.72,102,0,186
1722151200000,7,4,3,42.5,22.65,23.2,15.4,46,22.65,102,0,186
1722151800000,7,4,3,42.43,22.64,23.2,15.4,46,22.64,101,0,185
1722152400000,7,4,3,42.35,22.59,23.2,15.3,46,22.59,101,0,185
1722153000000,7,4,3,42.3,22.53,23.1,15.2,46,22.53,101,0,185
1722153600000,7,4,3,42.29,22.48,23.2,15.2,46,22.48,101,0,185
1722154200000,7,4,3,42.4,22.44,23.1,15.1,46,22.44,101,0,185
1722154800000,7,4,3,42.27,22.43,23.3,15,45,22.43,101,0,184
1722155400000,7,4,3,42.27,22.36,23.3,15,45,22.36,101,0,184
1722156000000,7,4,3,42.37,22.32,23.1,14.9,45,22.32,101,0,184
1722156600000,7,4,3,42.32,22.28,23.1,14.8,45,22.28,101,0,184
1722157200000,7,4,3,42.33,22.2,23.2,14.8,45,22.2,101,0,184
1722157800000,7,4,3,42.25,22.16,23,14.7,45,22.16,101,0,184
1722158400000,7,4,3,42.14,22.11,23.2,14.6,45,22.11,100,0,183
1722159000000,7,4,3,42.23,22.07,23.1,14.6,45,22.07,100,0,183
1722159600000,7,4,3,42.27,22.05,23.1,14.5,45,22.05,100,0,183
1722160200000,7,4,3,42.26,22.03,23.1,14.5,45,22.03,100,0,183
1722160800000,7,4,3,42.21,22.02,23.1,14.5,45,22.02,100,0,183
1722161400000,7,4,3,42.14,21.97,22.9,14.4,45,21.97,100,0,183
1722162000000,7,4,3,42.07,21.93,23.1,14.4,45,21.93,100,0,183
1722162600000,7,4,3,42.06,21.9,23.1,14.3,45,21.9,100,0,182
1722163200000,7,4,3,42,21.84,23.1,14.3,45,21.84,100,0,182
1722163800000,7,4,3,42.02,21.79,23.1,14.2,45,21.79,100,0,182
1722164400000,7,4,3,41.96,21.8,23,14.2,45,21.8,100,0,182
1722165000000,7,4,3,41.96,21.76,23.1,14.1,45,21.76,100,0,182
1722165600000,7,4,3,41.92,21.72,23.1,14.1,45,21.72,100,0,182
1722166200000,7,4,3,41.83,21.64,23.1,14,45,21.64,100,0,182
1722166800000,7,4,3,41.79,21.58,23.1,14,45,21.58,100,0,182
1722167400000,7,4,3,41.78,21.51,23.1,14,45,21.51,100,0,182
1722168000000,7,4,3,41.7,21.48,23.1,14,44,21.48,99,0,181
1722168600000,7,4,3,41.64,21.44,23.2,13.9,44,21.44,99,0,181
1722169200000,7,4,3,41.67,21.4,23.1,13.9,44,21.4,99,0,181
1722169800000,7,4,3,41.65,21.37,23.1,13.8,44,21.37,99,0,181
1722170400000,7,4,3,41.64,21.35,23.1,13.8,44,21.35,99,0,181
1722171000000,7,4,3,41.64,21.31,22.9,13.8,44,21.31,99,0,181
1722171600000,7,4,3,41.68,21.31,23.1,13.7,44,21.31,99,0,181
1722172200000,7,4,3,41.77,21.33,23,13.7,44,21.33,99,0,181
1722172800000,7,4,3,41.8,21.36,23.1,13.6,44,21.36,99,0,180
1722173400000,7,4,3,41.78,21.36,23,13.6,44,21.36,99,0,180
1722174000000,7,4,3,41.82,21.38,23.1,13.6,44,21.38,99,0,180
1722174600000,7,4,3,41.83,21.37,23.1,13.6,44,21.37,99,0,180
1722175200000,7,4,3,41.87,21.37,23,13.6,44,21.37,99,0,180
1722175800000,7,4,3,41.84,21.39,23,13.6,44,21.39,99,0,180
1722176400000,7,4,3,41.88,21.41,23.1,13.6,44,21.41,99,0,180
1722177000000,7,4,3,41.73,21.41,23,13.6,44,21.41,99,0,180
1722177600000,7,4,3,41.74,21.4,23,13.6,44,21.4,99,0,180
1722178200000,7,4,3,41.8,21.41,23,13.6,44,21.41,99,0,180
1722178800000,7,4,3,41.78,21.41,23,13.6,44,21.41,99,0,180
1722179400000,7,4,3,41.82,21.39,23,13.6,44,21.39,99,0,180
1722180000000,7,4,3,41.88,21.4,23,13.6,44,21.4,99,0,180
1722180600000,7,4,3,41.95,21.45,23,13.6,44,21.45,99,0,180
1722181200000,7,4,3,41.89,21.48,22.8,13.6,44,21.48,99,0,180
1722181800000,7,4,3,41.97,21.53,23,13.6,44,21.53,99,0,180
1722182400000,7,4,3,42.05,21.55,22.9,13.6,44,21.55,99,0,180
1722183000000,7,4,3,42.04,21.56,23,13.6,44,21.56,99,0,180
1722183600000,7,4,3,42.08,21.55,23.1,13.6,44,21.55,99,0,180
1722184200000,7,4,3,42.19,21.59,23.1,13.6,44,21.59,99,0,180
1722184800000,7,4,3,42.22,21.59,22.8,13.6,44,21.59,99,0,180
1722185400000,7,4,3,42.27,21.64,23,13.6,44,21.64,99,0,180
1722186000000,7,4,3,42.24,21.66,23,13.6,44,21.66,99,0,180
1722186600000,7,4,3,42.26,21.61,23,13.6,44,21.61,99,0,180
1722187200000,7,4,3,42.04,21.61,22.9,13.6,44,21.61,99,0,180
1722187800000,7,4,3,42.09,21.61,23,13.6,44,21.61,99,0,180
1722188400000,7,4,3,42.3,21.59,22.9,13.6,44,21.59,99,0,180
1722189000000,7,4,3,42.17,21.55,22.9,13.6,44,21.55,99,0,180
1722189600000,7,4,3,42.43,21.59,22.9,13.6,44,21.59,99,0,180
1722190200000,7,4,3,42.51,21.65,22.8,13.7,44,21.65,99,0,180
1722190800000,7,4,3,42.54,21.68,23,13.7,44,21.68,99,0,180
1722191400000,7,4,3,42.65,21.66,22.9,13.7,44,21.66,99,0,180
1722192000000,7,4,3,42.69,21.66,22.9,13.7,44,21.66,99,0,180
1722192600000,7,4,3,42.54,21.64,23,13.7,44,21.64,99,0,180
1722193200000,7,4,3,42.47,21.57,22.9,13.6,43,21.57,98,0,179
1722193800000,7,4,3,42.57,21.56,22.8,13.7,43,21.56,98,0,179
1722194400000,7,4,3,42.62,21.56,22.8,13.6,43,21.56,98,0,179
1722195000000,7,4,3,42.14,21.51,23,13.6,43,21.51,98,0,179
1722195600000,7,4,3,42.14,21.33,22.9,13.6,43,21.33,98,0,179
1722196200000,7,4,3,42.39,21.95,22.8,13.7,43,21.95,98,0,179
1722196800000,7,4,3,42.26,22.71,22.8,13.9,43,22.71,98,0,179
1722197400000,7,4,3,42.19,23.3,22.7,14.1,44,23.3,99,0,180
1722198000000,7,4,3,42.11,23.81,22.9,14.3,44,23.81,99,0,180
1722198600000,7,4,3,42.03,24.15,22.8,14.5,44,24.15,99,0,180
1722199200000,7,4,3,41.89,24.35,22.8,14.7,44,24.35,99,0,181
1722199800000,7,4,3,41.97,24.6,22.9,14.9,44,24.6,99,0,181
1722200400000,7,4,3,41.91,24.79,22.8,15.1,44,24.79,99,0,181
1722201000000,7,4,3,41.92,25.02,22.7,15.3,44,25.02,99,0,181
1722201600000,7,4,3,41.89,25.31,22.7,15.5,44,25.31,99,0,181
1722202200000,7,4,3,41.93,25.67,22.7,15.7,45,25.67,100,0,182
1722202800000,7,4,3,41.96,25.92,22.6,15.9,45,25.92,100,0,182
1722203400000,7,4,3,42.04,26.25,22.6,16.1,45,26.25,100,0,182
1722204000000,7,4,3,42.11,26.52,22.4,16.4,45,26.52,100,0,183
1722204600000,7,4,3,42.14,26.77,22.6,16.7,45,26.77,100,0,183
1722205200000,7,4,3,42.1,26.96,22.5,16.9,45,26.96,100,0,183
1722205800000,7,4,3,42.07,27.07,22.4,17.1,45,27.07,100,0,183
1722206400000,7,4,3,41.97,27.1,22.4,17.2,45,27.1,100,0,183
1722207000000,7,4,3,41.9,27.09,22.4,17.4,45,27.09,100,0,183
1722207600000,7,4,3,41.97,27.24,22.3,17.5,45,27.24,100,0,183
1722208200000,7,4,3,42.24,27.7,22.3,17.8,45,27.7,101,0,184
1722208800000,7,4,3,42.45,28.25,22.3,18.1,45,28.25,101,0,184
1722209400000,7,4,3,42.56,28.78,22.3,18.5,46,28.78,101,0,185
1722210000000,7,4,3,42.44,29.02,22.3,18.8,46,29.02,101,0,185
1722210600000,7,4,3,42.42,29.17,22.2,19.1,46,29.17,101,0,185
1722211200000,7,4,3,42.28,29.25,22.2,19.4,46,29.25,102,0,186
1722211800000,7,4,3,42.32,29.36,22.3,19.6,46,29.36,102,0,186
1722212400000,7,4,3,42.4,29.76,22.2,19.8,46,29.76,102,0,186
1722213000000,7,4,3,42.43,30.11,22.2,20.1,46,30.11,102,0,186
1722213600000,7,4,3,42.36,30.23,22,20.3,46,30.23,102,0,186
1722214200000,7,4,3,42.38,30.27,21.9,20.5,46,30.27,102,0,186
1722214800000,7,4,3,42.38,30.24,22,20.6,46,30.24,102,0,186
1722215400000,7,4,3,42.16,30.03,21.8,20.7,46,30.03,101,0,185
1722216000000,7,4,3,42.12,29.93,21.8,20.7,46,29.93,101,0,185
1722216600000,7,4,3,42.14,29.91,21.7,20.7,45,29.91,101,0,184
1722217200000,7,4,3,42.06,29.98,21.6,20.7,45,29.98,101,0,184
1722217800000,7,4,3,42.04,29.93,21.6,20.8,45,29.93,101,0,184
1722218400000,7,4,3,41.84,29.77,21.5,20.8,45,29.77,100,0,183
1722219000000,7,4,3,41.62,29.64,21.4,20.8,45,29.64,100,0,183
1722219600000,7,4,3,41.45,29.5,21.4,20.7,45,29.5,100,0,182
1722220200000,7,4,3,41.45,29.51,21.5,20.7,45,29.51,100,0,182
1722220800000,7,4,3,41.53,29.6,21.4,20.7,44,29.6,99,0,181
1722221400000,7,4,3,41.81,29.48,24.6,20.9,57,29.48,114,0.4,208
1722222000000,7,4,3,41.66,29.52,24.2,21.2,56,29.52,113,0.4,206
1722222600000,7,4,3,41.48,29.39,24.2,21.3,56,29.39,113,0.4,206
1722223200000,7,4,3,41.41,29.26,24.1,21.3,56,29.26,113,0.4,206
1722223800000,7,4,3,41.3,29.27,24.2,21.3,56,29.27,113,0.4,206
1722224400000,7,4,3,41.1,29.12,24,21.3,56,29.12,112,0.4,205
1722225000000,7,4,3,41.06,28.98,23.9,21.2,56,28.98,112,0.4,205
1722225600000,7,4,3,41.04,28.9,24,21.1,56,28.9,112,0.4,205
1722226200000,7,4,3,40.98,28.83,24.1,21.1,56,28.83,112,0.4,205
1722226800000,7,4,3,40.87,28.78,24,21,55,28.78,112,0.4,204
1722227400000,7,4,3,40.73,28.78,24,20.9,55,28.78,112,0.4,204
1722228000000,7,4,3,40.62,28.69,24.1,20.9,55,28.69,112,0.4,204
1722228600000,7,4,3,40.59,28.68,23.9,20.8,55,28.68,111,0.3,203
1722229200000,7,4,3,40.57,28.59,24,20.7,55,28.59,111,0.3,203
1722229800000,7,4,3,40.48,28.5,24,20.7,55,28.5,111,0.3,203
1722230400000,7,4,3,40.43,28.29,24,20.5,55,28.29,111,0.3,203
1722231000000,7,4,3,40.67,28.2,24,20.4,54,28.2,111,0.3,202
1722231600000,7,4,3,40.74,27.92,24,20.3,54,27.92,111,0.3,202
1722232200000,7,4,3,40.56,27.57,24,20.2,54,27.57,111,0.3,202
1722232800000,7,4,3,40.61,27.2,24,20,54,27.2,110,0.3,201
1722233400000,7,4,3,40.53,26.92,24,19.9,54,26.92,110,0.3,201
1722234000000,7,4,3,40.56,26.66,23.9,19.7,53,26.66,110,0.3,200
1722234600000,7,4,3,40.6,26.46,23.9,19.6,53,26.46,110,0.3,200
1722235200000,7,4,3,40.6,26.35,24,19.4,53,26.35,110,0.3,200
1722235800000,7,4,3,40.67,26.19,23.9,19.3,53,26.19,109,0.3,199
1722236400000,7,4,3,40.71,26.09,23.9,19.1,53,26.09,109,0.3,199
1722237000000,7,4,3,40.79,25.97,23.9,19,53,25.97,109,0.3,199
1722237600000,7,4,3,40.77,25.87,23.9,18.9,52,25.87,108,0.2,198
1722238200000,7,4,3,40.77,25.78,24,18.8,52,25.78,108,0.2,198
1722238800000,7,4,3,40.89,25.7,24,18.7,52,25.7,108,0.2,198
1722239400000,7,4,3,40.88,25.64,23.9,18.6,52,25.64,108,0.2,198
1722240000000,7,4,3,40.87,25.58,23.9,18.5,52,25.58,108,0.2,197
1722240600000,7,4,3,40.91,25.55,23.9,18.4,52,25.55,108,0.2,197
1722241200000,7,4,3,40.97,25.48,23.9,18.4,52,25.48,108,0.2,197
1722241800000,7,4,3,40.99,25.4,23.9,18.3,52,25.4,108,0.2,197
1722242400000,7,4,3,41.04,25.35,23.9,18.2,52,25.35,108,0.2,197
1722243000000,7,4,3,41.11,25.3,23.9,18.1,51,25.3,107,0.2,196
1722243600000,7,4,3,41.2,25.23,23.9,18,51,25.23,107,0.2,196
1722244200000,7,4,3,41.24,25.18,24,18,51,25.18,107,0.2,196
1722244800000,7,4,3,41.23,25.2,23.9,17.9,51,25.2,107,0.2,196
1722245400000,7,4,3,41.31,25.14,24,17.9,51,25.14,107,0.2,196
1722246000000,7,4,3,41.33,25.13,23.9,17.8,51,25.13,107,0.2,196
1722246600000,7,4,3,41.36,25.12,24,17.8,51,25.12,107,0.2,195
1722247200000,7,4,3,41.36,25.08,23.8,17.7,51,25.08,107,0.2,195
1722247800000,7,4,3,41.35,25.1,23.9,17.6,51,25.1,107,0.2,195
1722248400000,7,4,3,41.45,25.06,23.9,17.6,51,25.06,107,0.2,195
1722249000000,7,4,3,41.57,25.04,24,17.6,51,25.04,107,0.2,195
1722249600000,7,4,3,41.76,25.02,23.9,17.6,51,25.02,107,0.2,195
1722250200000,7,4,3,42,25.01,24,17.5,51,25.01,107,0.2,195
1722250800000,7,4,3,42.13,25.01,23.9,17.5,51,25.01,107,0.2,195
1722251400000,7,4,3,42.25,25,24,17.5,51,25,107,0.2,195
1722252000000,7,4,3,42.4,24.97,24,17.4,51,24.97,107,0.2,195
1722252600000,7,4,3,42.41,24.93,23.9,17.4,51,24.93,107,0.2,195
1722253200000,7,4,3,42.53,24.86,23.9,17.3,51,24.86,107,0.2,195
1722253800000,7,4,3,42.57,24.82,23.9,17.3,51,24.82,107,0.2,195
1722254400000,7,4,3,42.7,24.81,23.7,17.3,50,24.81,106,0.2,194
1722255000000,7,4,3,42.75,24.77,23.9,17.3,50,24.77,106,0.2,194
1722255600000,7,4,3,42.78,24.77,23.9,17.2,50,24.77,106,0.2,194
1722256200000,7,4,3,42.85,24.78,23.9,17.2,50,24.78,106,0.2,194
1722256800000,7,4,3,42.94,24.74,23.9,17.1,50,24.74,106,0.2,194
1722257400000,7,4,3,43.01,24.71,23.9,17.1,50,24.71,106,0.2,194
1722258000000,7,4,3,43.04,24.69,23.9,17.1,50,24.69,106,0.2,194
1722258600000,7,4,3,43.11,24.68,23.9,17,50,24.68,106,0.2,194
1722259200000,7,4,3,43.14,24.67,23.7,17,50,24.67,106,0.2,194
1722259800000,7,4,3,43.19,24.66,23.9,17,50,24.66,106,0.2,194
1722260400000,7,4,3,43.24,24.65,23.7,16.9,50,24.65,106,0.2,194
1722261000000,7,4,3,43.3,24.61,23.9,16.9,50,24.61,106,0.2,194
1722261600000,7,4,3,43.32,24.56,23.9,16.9,50,24.56,106,0.2,194
1722262200000,7,4,3,43.33,24.53,23.9,16.9,50,24.53,106,0.2,194
1722262800000,7,4,3,43.31,24.47,23.9,16.9,50,24.47,106,0.1,193
1722263400000,7,4,3,43.33,24.43,23.7,16.8,50,24.43,106,0.1,193
1722264000000,7,4,3,43.24,24.39,23.7,16.8,50,24.39,106,0.1,193
1722264600000,7,4,3,43.44,24.36,23.8,16.8,50,24.36,106,0.1,193
1722265200000,7,4,3,43.52,24.36,23.9,16.7,50,24.36,106,0.1,193
1722265800000,7,4,3,43.64,24.34,23.8,16.7,50,24.34,106,0.1,193
1722266400000,7,4,3,43.7,24.31,23.8,16.7,50,24.31,106,0.1,193
1722267000000,7,4,3,43.75,24.3,23.8,16.7,50,24.3,106,0.1,193
1722267600000,7,4,3,43.7,24.28,24,16.6,50,24.28,106,0.1,193
1722268200000,7,4,3,43.69,24.22,23.8,16.6,50,24.22,106,0.1,193
1722268800000,7,4,3,43.81,24.19,23.9,16.6,49,24.19,105,0.1,192
1722269400000,7,4,3,43.81,24.2,23.9,16.5,50,24.2,106,0.1,193
1722270000000,7,4,3,43.81,24.17,23.7,16.5,49,24.17,105,0.1,192
1722270600000,7,4,3,43.86,24.15,23.7,16.5,49,24.15,105,0.1,192
1722271200000,7,4,3,43.94,24.06,23.8,16.4,49,24.06,105,0.1,192
1722271800000,7,4,3,43.81,24.07,23.8,16.4,49,24.07,105,0.1,192
1722272400000,7,4,3,43.91,24.06,23.9,16.3,49,24.06,105,0.1,192
1722273000000,7,4,3,43.96,24.06,23.8,16.3,49,24.06,105,0.1,192
1722273600000,7,4,3,43.96,24.03,23.7,16.3,49,24.03,105,0.1,192
1722274200000,7,4,3,44.08,24,23.7,16.3,49,24,105,0.1,192
1722274800000,7,4,3,44.11,24,23.7,16.3,49,24,105,0.1,192
1722275400000,7,4,3,44.11,24,23.8,16.3,49,24,105,0.1,192
1722276000000,7,4,3,44.12,24.01,23.7,16.2,49,24.01,105,0.1,192
1722276600000,7,4,3,44.16,23.98,23.8,16.2,49,23.98,105,0.1,192
1722277200000,7,4,3,44.14,23.98,23.7,16.2,49,23.98,105,0.1,192
1722277800000,7,4,3,44.16,24.02,23.7,16.1,49,24.02,105,0.1,191
1722278400000,7,4,3,44.23,24.08,23.7,16.1,49,24.08,105,0.1,191
1722279000000,7,4,3,44.3,24.13,23.7,16.1,49,24.13,105,0.1,191
1722279600000,7,4,3,44.26,24.14,23.7,16.1,49,24.14,105,0.1,191
1722280200000,7,4,3,44.37,24.13,23.7,16.1,49,24.13,105,0.1,191
1722280800000,7,4,3,44.46,24.16,23.6,16.1,49,24.16,105,0.1,191
1722281400000,7,4,3,43.79,23.99,23.7,16.1,49,23.99,105,0.1,191
1722282000000,7,4,3,44.11,24.15,23.8,16.2,49,24.15,105,0.1,191
1722282600000,7,4,3,44.12,24.93,23.6,16.3,49,24.93,105,0.1,191
1722283200000,7,4,3,44.02,25.66,23.6,16.6,49,25.66,105,0.1,192
1722283800000,7,4,3,44,26.26,23.6,16.8,49,26.26,105,0.1,192
1722284400000,7,4,3,43.91,26.64,23.6,17,50,26.64,106,0.1,193
1722285000000,7,4,3,43.95,27,23.6,17.3,50,27,106,0.1,193
1722285600000,7,4,3,43.86,27.32,23.6,17.5,50,27.32,106,0.2,194
1722286200000,7,4,3,43.81,27.6,23.6,17.8,50,27.6,106,0.2,194
1722286800000,7,4,3,43.85,27.78,23.6,18,51,27.78,107,0.2,195
1722287400000,7,4,3,44.19,28.31,23.5,18.3,51,28.31,107,0.2,195
1722288000000,7,4,3,44.17,29.07,23.5,18.6,51,29.07,107,0.2,196
1722288600000,7,4,3,43.84,29.16,23.5,18.9,51,29.16,107,0.2,196
1722289200000,7,4,3,43.88,29.2,23.3,19.1,52,29.2,108,0.2,197
1722289800000,7,4,3,44.04,29.42,23.5,19.3,52,29.42,108,0.2,197
1722290400000,7,4,3,43.97,29.68,23.4,19.5,52,29.68,108,0.2,197
1722291000000,7,4,3,44.04,29.8,23.4,19.7,52,29.8,108,0.2,197
1722291600000,7,4,3,44.04,29.8,23.3,19.9,52,29.8,108,0.2,197
1722292200000,7,4,3,43.69,29.7,23.4,20,52,29.7,108,0.2,197
1722292800000,7,4,3,43.82,29.56,23.3,20.1,52,29.56,108,0.2,197
1722293400000,7,4,3,43.63,29.53,23.3,20.2,52,29.53,108,0.2,197
1722294000000,7,4,3,43.55,29.44,23.2,20.3,52,29.44,108,0.2,197
1722294600000,7,4,3,43.42,29.49,23.2,20.4,52,29.49,108,0.2,197
1722295200000,7,4,3,43.47,29.47,23.1,20.5,51,29.47,107,0.2,196
1722295800000,7,4,3,43.28,29.42,23.1,20.5,51,29.42,107,0.2,196
1722296400000,7,4,3,43.18,29.28,23.1,20.5,51,29.28,107,0.2,196
1722297000000,7,4,3,43.34,29.26,23.1,20.7,51,29.26,107,0.2,196
1722297600000,7,4,3,43.12,29.3,23,20.7,51,29.3,107,0.2,196
1722298200000,7,4,3,43.02,29.26,23,20.7,51,29.26,107,0.2,196
1722298800000,7,4,3,43.06,29.47,22.9,20.7,51,29.47,107,0.2,195
1722299400000,7,4,3,43.19,29.76,22.9,20.8,51,29.76,107,0.2,195
1722300000000,7,4,3,43.2,30.15,22.9,21,51,30.15,107,0.2,195
1722300600000,7,4,3,42.96,30.18,22.9,21.1,51,30.18,107,0.2,195
1722301200000,7,4,3,42.78,30.05,22.8,21.1,51,30.05,107,0.2,195
1722301800000,7,4,3,43.07,30.32,22.7,21.2,51,30.32,107,0.2,195
1722302400000,7,4,3,43.04,30.67,22.7,21.4,51,30.67,107,0.2,195
1722303000000,7,4,3,42.82,30.76,22.8,21.5,51,30.76,107,0.2,195
1722303600000,7,4,3,42.69,30.7,22.6,21.6,51,30.7,107,0.2,195
1722304200000,7,4,3,42.78,30.84,22.6,21.7,51,30.84,107,0.2,195
1722304800000,7,4,3,43.15,31.16,22.5,21.8,50,31.16,106,0.2,194
1722305400000,7,4,3,42.99,31.38,22.6,22,50,31.38,106,0.2,194
1722306000000,7,4,3,42.64,31.23,22.4,22,50,31.23,106,0.2,194
1722306600000,7,4,3,42.71,30.72,22.5,22,50,30.72,106,0.2,194
1722307200000,7,4,3,43.09,30.69,22.4,22.1,50,30.69,106,0.1,193
1722307800000,7,4,3,42.86,30.53,22.4,22.1,50,30.53,106,0.1,193
1722308400000,7,4,3,42.86,30.4,22.3,22,50,30.4,106,0.1,193
1722309000000,7,4,3,42.83,30.43,22.3,22.1,49,30.43,105,0.1,192
1722309600000,7,4,3,42.91,30.43,26.4,22.5,68,30.43,127,0.9,231
1722310200000,7,4,3,43.28,30.51,25.2,23.6,63,30.51,121,0.7,220
1722310800000,7,4,3,43.06,30.57,25,23.8,63,30.57,121,0.7,220
1722311400000,7,4,3,42.95,30.45,25.2,23.7,63,30.45,121,0.7,220
1722312000000,,,,,,,,,,,,
1722312600000,,,,,,,,,,,,
1722313200000,,,,,,,,,,,,
1722313800000,,,,,,,,,,,,
1722314400000,,,,,,,,,,,,
1722315000000,,,,,,,,,,,,
1722315600000,,,,,,,,,,,,
1722316200000,,,,,,,,,,,,
1722316800000,,,,,,,,,,,,
1722317400000,,,,,,,,,,,,
1722318000000,,,,,,,,,,,,
1722318600000,,,,,,,,,,,,
1722319200000,,,,,,,,,,,,
1722319800000,,,,,,,,,,,,
1722320400000,,,,,,,,,,,,
1722321000000,,,,,,,,,,,,
1722321600000,,,,,,,,,,,,
1722322200000,,,,,,,,,,,,
1722322800000,,,,,,,,,,,,
1722323400000,,,,,,,,,,,,
1722324000000,,,,,,,,,,,,
1722324600000,,,,,,,,,,,,
1722325200000,,,,,,,,,,,,
1722325800000,,,,,,,,,,,,
1722326400000,,,,,,,,,,,,
1722327000000,,,,,,,,,,,,
1722327600000,,,,,,,,,,,,
1722328200000,,,,,,,,,,,,
1722328800000,,,,,,,,,,,,
1722329400000,,,,,,,,,,,,
1722330000000,,,,,,,,,,,,
1722330600000,,,,,,,,,,,,
1722331200000,,,,,,,,,,,,
1722331800000,,,,,,,,,,,,
1722332400000,,,,,,,,,,,,
1722333000000,,,,,,,,,,,,
1722333600000,,,,,,,,,,,,
1722334200000,,,,,,,,,,,,
1722334800000,,,,,,,,,,,,
1722335400000,,,,,,,,,,,,
1722336000000,,,,,,,,,,,,
1722336600000,,,,,,,,,,,,
1722337200000,,,,,,,,,,,,
1722337800000,,,,,,,,,,,,
1722338400000,,,,,,,,,,,,
1722339000000,,,,,,,,,,,,
1722339600000,,,,,,,,,,,,
1722340200000,,,,,,,,,,,,
1722340800000,,,,,,,,,,,,
1722341400000,,,,,,,,,,,,
1722342000000,,,,,,,,,,,,
1722342600000,,,,,,,,,,,,
1722343200000,,,,,,,,,,,,
1722343800000,,,,,,,,,,,,
1722344400000,,,,,,,,,,,,
1722345000000,,,,,,,,,,,,
1722345600000,,,,,,,,,,,,
1722346200000,,,,,,,,,,,,
1722346800000,,,,,,,,,,,,
1722347400000,,,,,,,,,,,,
1722348000000,,,,,,,,,,,,
1722348600000,,,,,,,,,,,,
1722349200000,,,,,,,,,,,,
1722349800000,,,,,,,,,,,,
1722350400000,,,,,,,,,,,,
1722351000000,,,,,,,,,,,,
1722351600000,,,,,,,,,,,,
1722352200000,,,,,,,,,,,,
1722352800000,,,,,,,,,,,,
1722353400000,,,,,,,,,,,,
1722354000000,,,,,,,,,,,,
1722354600000,,,,,,,,,,,,
1722355200000,,,,,,,,,,,,
1722355800000,,,,,,,,,,,,
1722356400000,,,,,,,,,,,,
1722357000000,,,,,,,,,,,,
1722357600000,,,,,,,,,,,,
1722358200000,,,,,,,,,,,,
1722358800000,,,,,,,,,,,,
1722359400000,,,,,,,,,,,,
1722360000000,,,,,,,,,,,,
1722360600000,,,,,,,,,,,,
1722361200000,,,,,,,,,,,,
1722361800000,,,,,,,,,,,,
1722362400000,,,,,,,,,,,,
1722363000000,,,,,,,,,,,,
1722363600000,,,,,,,,,,,,
1722364200000,,,,,,,,,,,,
1722364800000,,,,,,,,,,,,
1722365400000,,,,,,,,,,,,
1722366000000,,,,,,,,,,,,
1722366600000,,,,,,,,,,,,
1722367200000,,,,,,,,,,,,
1722367800000,,,,,,,,,,,,
1722368400000,,,,,,,,,,,,
1722369000000,,,,,,,,,,,,
1722369600000,,,,,,,,,,,,
1722370200000,,,,,,,,,,,,
1722370800000,,,,,,,,,,,,
1722371400000,,,,,,,,,,,,
1722372000000,,,,,,,,,,,,
1722372600000,,,,,,,,,,,,
1722373200000,,,,,,,,,,,,
1722373800000,,,,,,,,,,,,
1722374400000,,,,,,,,,,,,
1722375000000,,,,,,,,,,,,
1722375600000,,,,,,,,,,,,
1722376200000,,,,,,,,,,,,
1722376800000,,,,,,,,,,,,
1722377400000,,,,,,,,,,,,
1722378000000,,,,,,,,,,,,
1722378600000,,,,,,,,,,,,
1722379200000,,,,,,,,,,,,
1722379800000,,,,,,,,,,,,
1722380400000,,,,,,,,,,,,
1722381000000,,,,,,,,,,,,
1722381600000,,,,,,,,,,,,
1722382200000,,,,,,,,,,,,
1722382800000,,,,,,,,,,,,
1722383400000,,,,,,,,,,,,
1722384000000,,,,,,,,,,,,
1722384600000,,,,,,,,,,,,
1722385200000,,,,,,,,,,,,
1722385800000,,,,,,,,,,,,
1722386400000,,,,,,,,,,,,
1722387000000,,,,,,,,,,,,
1722387600000,,,,,,,,,,,,
1722388200000,,,,,,,,,,,,
1722388800000,,,,,,,,,,,,
1722389400000,,,,,,,,,,,,
1722390000000,,,,,,,,,,,,
1722390600000,,,,,,,,,,,,
1722391200000,,,,,,,,,,,,
1722391800000,,,,,,,,,,,,
1722392400000,,,,,,,,,,,,
1722393000000,,,,,,,,,,,,
1722393600000,,,,,,,,,,,,
1722394200000,,,,,,,,,,,,
1722394800000,,,,,,,,,,,,
1722395400000,,,,,,,,,,,,
1722396000000,,,,,,,,,,,,
1722396600000,,,,,,,,,,,,
1722397200000,,,,,,,,,,,,
1722397800000,,,,,,,,,,,,
1722398400000,,,,,,,,,,,,
1722399000000,,,,,,,,,,,,
1722399600000,,,,,,,,,,,,
1722400200000,,,,,,,,,,,,
1722400800000,,,,,,,,,,,,
1722401400000,,,,,,,,,,,,
1722402000000,,,,,,,,,,,,
1722402600000,,,,,,,,,,,,
1722403200000,,,,,,,,,,,,
1722403800000,,,,,,,,,,,,
1722404400000,,,,,,,,,,,,
1722405000000,,,,,,,,,,,,
1722405600000,,,,,,,,,,,,
1722406200000,,,,,,,,,,,,
1722406800000,,,,,,,,,,,,
1722407400000,,,,,,,,,,,,
1722408000000,,,,,,,,,,,,
1722408600000,,,,,,,,,,,,
1722409200000,,,,,,,,,,,,
1722409800000,,,,,,,,,,,,
1722410400000,,,,,,,,,,,,
1722411000000,,,,,,,,,,,,
1722411600000,,,,,,,,,,,,
1722412200000,,,,,,,,,,,,
1722412800000,,,,,,,,,,,,
1722413400000,,,,,,,,,,,,
1722414000000,,,,,,,,,,,,
1722414600000,,,,,,,,,,,,
1722415200000,,,,,,,,,,,,
1722415800000,,,,,,,,,,,,
1722416400000,,,,,,,,,,,,
1722417000000,,,,,,,,,,,,
1722417600000,,,,,,,,,,,,
1722418200000,,,,,,,,,,,,
1722418800000,,,,,,,,,,,,
1722419400000,,,,,,,,,,,,
1722420000000,,,,,,,,,,,,
1722420600000,,,,,,,,,,,,
1722421200000,,,,,,,,,,,,
1722421800000,,,,,,,,,,,,
1722422400000,,,,,,,,,,,,
1722423000000,,,,,,,,,,,,
1722423600000,,,,,,,,,,,,
1722424200000,,,,,,,,,,,,
1722424800000,,,,,,,,,,,,
1722425400000,,,,,,,,,,,,
1722426000000,,,,,,,,,,,,
1722426600000,,,,,,,,,,,,
1722427200000,,,,,,,,,,,,
1722427800000,,,,,,,,,,,,
1722428400000,,,,,,,,,,,,
1722429000000,,,,,,,,,,,,
1722429600000,,,,,,,,,,,,
1722430200000,,,,,,,,,,,,
1722430800000,,,,,,,,,,,,
1722431400000,,,,,,,,,,,,
1722432000000,,,,,,,,,,,,
1722432600000,,,,,,,,,,,,
1722433200000,,,,,,,,,,,,
1722433800000,,,,,,,,,,,,
1722434400000,,,,,,,,,,,,