Time, Avg,Max,Min
14/8/2024 23:50,7.9,7.9,7.9
14/8/2024 23:55,7.8,7.8,7.8
15/8/2024 0:00,7.9,7.9,7.9
15/8/2024 0:05,7.8,7.9,7.8
15/8/2024 0:10,7.9,7.9,7.9
15/8/2024 0:15,7.8,7.9,7.8
15/8/2024 0:20,7.8,7.9,7.8
15/8/2024 0:25,7.9,7.9,7.9
15/8/2024 0:30,7.9,7.9,7.9
15/8/2024 0:35,7.9,7.9,7.9
15/8/2024 0:40,7.8,7.9,7.8
15/8/2024 0:45,7.8,7.9,7.8
15/8/2024 0:50,7.8,7.8,7.8
15/8/2024 0:55,7.8,7.9,7.8
15/8/2024 1:00,7.8,7.8,7.8
15/8/2024 1:05,7.8,7.9,7.8
15/8/2024 1:10,7.8,7.9,7.8
15/8/2024 1:15,7.8,7.9,7.8
15/8/2024 1:20,7.8,7.9,7.8
15/8/2024 1:25,7.8,7.8,7.8
15/8/2024 1:30,7.8,7.9,7.8
15/8/2024 1:35,7.9,7.9,7.9
15/8/2024 1:40,7.8,7.9,7.8
15/8/2024 1:45,7.8,7.8,7.8
15/8/2024 1:50,7.8,7.9,7.8
15/8/2024 1:55,7.6,7.8,7.6
15/8/2024 2:00,7.7,7.9,7.7
15/8/2024 2:05,7.8,7.9,7.8
15/8/2024 2:10,7.8,7.9,7.8
15/8/2024 2:15,7.8,7.9,7.8
15/8/2024 2:20,7.8,7.9,7.8
15/8/2024 2:25,7.9,7.9,7.9
15/8/2024 2:30,7.8,7.9,7.8
15/8/2024 2:35,7.8,7.9,7.8
15/8/2024 2:40,7.8,8,7.8
15/8/2024 2:45,7.8,7.9,7.8
15/8/2024 2:50,7.8,8.1,7.8
15/8/2024 2:55,7.8,7.9,7.8
15/8/2024 3:00,7.8,7.9,7.8
15/8/2024 3:05,7.8,7.8,7.8
15/8/2024 3:10,7.8,7.9,7.8
15/8/2024 3:15,7.7,7.7,7.7
15/8/2024 3:20,0,0,0
15/8/2024 3:25,7.8,7.8,7.8
15/8/2024 3:30,7.8,7.8,7.8
15/8/2024 3:35,7.8,7.8,7.8
15/8/2024 3:40,7.7,7.8,7.7
15/8/2024 3:45,7.7,7.9,7.7
15/8/2024 3:50,0,0,0
15/8/2024 3:55,0,0,0
15/8/2024 4:00,0,0,0
15/8/2024 4:05,7.6,7.6,7.6
15/8/2024 4:10,0,0,0
15/8/2024 4:15,7.6,7.8,7.6
15/8/2024 4:20,7.6,7.6,7.6
15/8/2024 4:25,7.7,7.7,7.7
15/8/2024 4:30,7.5,7.5,7.5
15/8/2024 4:35,7.6,7.7,7.6
15/8/2024 4:40,7.6,7.7,7.6
15/8/2024 4:45,7.6,7.6,7.6
15/8/2024 4:50,7.5,7.6,7.5
15/8/2024 4:55,7.5,7.5,7.5
15/8/2024 5:00,0,0,0
15/8/2024 5:05,7.5,7.5,7.5
15/8/2024 5:10,7.5,7.6,7.5
15/8/2024 5:15,7.6,7.6,7.6
15/8/2024 5:20,7.5,7.5,7.5
15/8/2024 5:25,7.6,7.6,7.6
15/8/2024 5:30,0,0,0
15/8/2024 5:35,0,0,0
15/8/2024 5:40,7.5,7.5,7.5
15/8/2024 5:45,7.5,7.5,7.5
15/8/2024 5:50,7.5,7.5,7.5
15/8/2024 5:55,7.4,7.6,7.4
15/8/2024 6:00,7.4,7.6,7.4
15/8/2024 6:05,7.4,7.4,7.4
15/8/2024 6:10,7.5,7.5,7.5
15/8/2024 6:15,7.4,7.5,7.4
15/8/2024 6:20,7.5,7.5,7.5
15/8/2024 6:25,7.4,7.6,7.4
15/8/2024 6:30,7.4,7.6,7.4
15/8/2024 6:35,7.5,7.6,7.5
15/8/2024 6:40,7.5,7.5,7.5
15/8/2024 6:45,7.4,7.5,7.4
15/8/2024 6:50,7.4,7.5,7.4
15/8/2024 6:55,7.4,7.6,7.4
15/8/2024 7:00,7.4,7.5,7.4
15/8/2024 7:05,7.4,7.6,7.4
15/8/2024 7:10,7.5,7.6,7.5
15/8/2024 7:15,7.5,7.7,7.5
15/8/2024 7:20,7.5,7.6,7.5
15/8/2024 7:25,7.5,7.6,7.5
15/8/2024 7:30,7.5,7.6,7.5
15/8/2024 7:35,7.6,7.6,7.6
15/8/2024 7:40,7.5,7.6,7.5
15/8/2024 7:45,7.5,7.6,7.5
15/8/2024 7:50,7.5,7.5,7.5
15/8/2024 7:55,7.5,7.7,7.5
15/8/2024 8:00,7.5,7.6,7.5
15/8/2024 8:05,7.5,7.6,7.5
15/8/2024 8:10,7.4,7.5,7.4
15/8/2024 8:15,7.4,7.5,7.4
15/8/2024 8:20,7.3,7.5,7.3
15/8/2024 8:25,7.3,7.5,7.3
15/8/2024 8:30,7.4,7.5,7.4
15/8/2024 8:35,7.3,7.4,7.3
15/8/2024 8:40,7.2,7.4,7.2
15/8/2024 8:45,7.2,7.4,7.2
15/8/2024 8:50,7.3,7.4,7.3
15/8/2024 8:55,7,7.4,7
15/8/2024 9:00,7.2,7.4,7.2
15/8/2024 9:05,7.2,7.3,7.2
15/8/2024 9:10,7.2,7.3,7.2
15/8/2024 9:15,7.2,7.3,7.2
15/8/2024 9:20,7,7,7
15/8/2024 9:25,7.1,7.1,7.1
15/8/2024 9:30,7.1,7.3,7.1
15/8/2024 9:35,7.2,7.2,7.2
15/8/2024 9:40,7.3,7.3,7.3
15/8/2024 9:45,7,7.3,7
15/8/2024 9:50,6.9,7.2,6.9
15/8/2024 9:55,6.9,7.2,6.9
15/8/2024 10:00,6.9,7.1,6.9
15/8/2024 10:05,6.8,7.2,6.8
15/8/2024 10:10,0,0,0
15/8/2024 10:15,6.8,7.2,6.8
15/8/2024 10:20,6.7,7.2,6.7
15/8/2024 10:25,6.7,7.2,6.7
15/8/2024 10:30,6.7,7.3,6.7
15/8/2024 10:35,6.7,7.4,6.7
15/8/2024 10:40,6.7,7.3,6.7
15/8/2024 10:45,6.7,7.2,6.7
15/8/2024 10:50,6.8,7.2,6.8
15/8/2024 10:55,6.7,7.2,6.7
15/8/2024 11:00,6.7,6.9,6.7
15/8/2024 11:05,6.7,7.2,6.7
15/8/2024 11:10,6.5,7.2,6.5
15/8/2024 11:15,6.7,7,6.7
15/8/2024 11:20,6.7,7.2,6.7
15/8/2024 11:25,6.7,7.3,6.7
15/8/2024 11:30,6.7,6.8,6.7
15/8/2024 11:35,6.7,6.8,6.7
15/8/2024 11:40,6.8,6.8,6.8
15/8/2024 11:45,6.7,6.9,6.7
15/8/2024 11:50,6.2,7.3,6.2
15/8/2024 11:55,6.2,7.2,6.2
15/8/2024 12:00,6.6,6.9,6.6
15/8/2024 12:05,6.5,7.2,6.5
15/8/2024 12:10,6.4,7.3,6.4
15/8/2024 12:15,6.5,7.3,6.5
15/8/2024 12:20,6.2,7.2,6.2
15/8/2024 12:25,6.6,7.3,6.6
15/8/2024 12:30,6.6,7.3,6.6
15/8/2024 12:35,6.7,6.9,6.7
15/8/2024 12:40,6.8,6.8,6.8
15/8/2024 12:45,6.2,6.9,6.2
15/8/2024 12:50,6.7,7.2,6.7
15/8/2024 12:55,6.7,7.2,6.7
15/8/2024 13:00,6.5,7.2,6.5
15/8/2024 13:05,6.5,7.4,6.5
15/8/2024 13:10,6.6,7.3,6.6
15/8/2024 13:15,7.2,7.2,7.2
15/8/2024 13:20,6.8,7.3,6.8
15/8/2024 13:25,6.8,7.2,6.8
15/8/2024 13:30,6.8,7.2,6.8
15/8/2024 13:35,6.7,7.3,6.7
15/8/2024 13:40,6.8,7.2,6.8
15/8/2024 13:45,6.8,7.3,6.8
15/8/2024 13:50,6.8,7.3,6.8
15/8/2024 13:55,6.7,7.5,6.7
15/8/2024 14:00,6.9,7.5,6.9
15/8/2024 14:05,6.8,7.4,6.8
15/8/2024 14:10,6.9,7.4,6.9
15/8/2024 14:15,7.3,7.4,7.3
15/8/2024 14:20,7.3,7.4,7.3
15/8/2024 14:25,7.3,7.3,7.3
15/8/2024 14:30,7.4,7.5,7.4
15/8/2024 14:35,7.4,7.5,7.4
15/8/2024 14:40,7.4,7.4,7.4
15/8/2024 14:45,7.4,7.5,7.4
15/8/2024 14:50,7.5,7.6,7.5
15/8/2024 14:55,7.5,7.6,7.5
15/8/2024 15:00,7.5,7.7,7.5
15/8/2024 15:05,7.6,7.7,7.6
15/8/2024 15:10,7.6,7.7,7.6
15/8/2024 15:15,7.6,7.7,7.6
15/8/2024 15:20,7.5,7.7,7.5
15/8/2024 15:25,7.6,7.7,7.6
15/8/2024 15:30,7.6,7.8,7.6
15/8/2024 15:35,7.5,7.7,7.5
15/8/2024 15:40,7.6,7.7,7.6
15/8/2024 15:45,7.6,7.8,7.6
15/8/2024 15:50,7.6,7.8,7.6
15/8/2024 15:55,7.6,7.7,7.6
15/8/2024 16:00,7.3,7.7,7.3
15/8/2024 16:05,7.6,7.7,7.6
15/8/2024 16:10,7.6,7.7,7.6
15/8/2024 16:15,7.5,7.7,7.5
15/8/2024 16:20,7.5,7.9,7.5
15/8/2024 16:25,7.6,7.8,7.6
15/8/2024 16:30,7.5,7.6,7.5
15/8/2024 16:35,7.6,7.7,7.6
15/8/2024 16:40,7.4,7.6,7.4
15/8/2024 16:45,7.4,7.6,7.4
15/8/2024 16:50,7.5,7.6,7.5
15/8/2024 16:55,7.5,7.6,7.5
15/8/2024 17:00,7.5,7.8,7.5
15/8/2024 17:05,7.5,7.7,7.5
15/8/2024 17:10,7.5,7.7,7.5
15/8/2024 17:15,7.6,7.7,7.6
15/8/2024 17:20,7.5,7.8,7.5
15/8/2024 17:25,7.3,7.8,7.3
15/8/2024 17:30,7.6,7.8,7.6
15/8/2024 17:35,7.6,7.7,7.6
15/8/2024 17:40,7.4,7.9,7.4
15/8/2024 17:45,7.4,7.8,7.4
15/8/2024 17:50,7.7,7.9,7.7
15/8/2024 17:55,7.7,7.8,7.7
15/8/2024 18:00,7.7,7.9,7.7
15/8/2024 18:05,7.6,7.9,7.6
15/8/2024 18:10,7.6,7.8,7.6
15/8/2024 18:15,7.6,7.8,7.6
15/8/2024 18:20,7.6,7.8,7.6
15/8/2024 18:25,7.4,7.9,7.4
15/8/2024 18:30,7.7,7.9,7.7
15/8/2024 18:35,7.6,7.8,7.6
15/8/2024 18:40,7.7,7.9,7.7
15/8/2024 18:45,7.7,7.8,7.7
15/8/2024 18:50,7.7,8,7.7
15/8/2024 18:55,7.7,8,7.7
15/8/2024 19:00,7.7,7.9,7.7
15/8/2024 19:05,7.7,7.9,7.7
15/8/2024 19:10,7.7,7.9,7.7
15/8/2024 19:15,7.7,7.8,7.7
15/8/2024 19:20,7.7,7.9,7.7
15/8/2024 19:25,7.7,7.9,7.7
15/8/2024 19:30,7.7,7.8,7.7
15/8/2024 19:35,7.7,7.8,7.7
15/8/2024 19:40,7.7,7.8,7.7
15/8/2024 19:45,7.7,7.8,7.7
15/8/2024 19:50,7.7,7.9,7.7
15/8/2024 19:55,7.7,7.9,7.7
15/8/2024 20:00,7.8,7.9,7.8
15/8/2024 20:05,7.7,8.1,7.7
15/8/2024 20:10,7.7,7.9,7.7
15/8/2024 20:15,7.7,7.9,7.7
15/8/2024 20:20,7.7,7.9,7.7
15/8/2024 20:25,7.6,7.9,7.6
15/8/2024 20:30,7.8,7.9,7.8
15/8/2024 20:35,7.8,7.9,7.8
15/8/2024 20:40,7.8,7.9,7.8
15/8/2024 20:45,7.8,7.9,7.8
15/8/2024 20:50,7.8,8,7.8
15/8/2024 20:55,7.7,8.1,7.7
15/8/2024 21:00,7.8,7.8,7.8
15/8/2024 21:05,7.6,8.1,7.6
15/8/2024 21:10,7.7,7.9,7.7
15/8/2024 21:15,7.7,8.1,7.7
15/8/2024 21:20,7.7,7.9,7.7
15/8/2024 21:25,7.8,7.9,7.8
15/8/2024 21:30,7.4,8.1,7.4
15/8/2024 21:35,7.7,8.2,7.7
15/8/2024 21:40,7.7,7.9,7.7
15/8/2024 21:45,7.7,8.2,7.7
15/8/2024 21:50,7.7,7.9,7.7
15/8/2024 21:55,7.8,8.1,7.8
15/8/2024 22:00,7.8,7.9,7.8
15/8/2024 22:05,7.7,7.9,7.7
15/8/2024 22:10,7.7,7.9,7.7
15/8/2024 22:15,7.7,7.9,7.7
15/8/2024 22:20,7.7,7.9,7.7
15/8/2024 22:25,7.8,7.9,7.8
15/8/2024 22:30,7.8,7.9,7.8
15/8/2024 22:35,7.8,7.9,7.8
15/8/2024 22:40,7.7,7.9,7.7
15/8/2024 22:45,7.8,7.9,7.8
15/8/2024 22:50,7.8,7.9,7.8
15/8/2024 22:55,7.7,7.9,7.7
15/8/2024 23:00,7.8,7.9,7.8
15/8/2024 23:05,7.8,7.9,7.8
15/8/2024 23:10,7.7,7.9,7.7
15/8/2024 23:15,7.9,8,7.9
15/8/2024 23:20,7.8,7.9,7.8
15/8/2024 23:25,7.7,7.9,7.7
15/8/2024 23:30,7.8,7.9,7.8
15/8/2024 23:35,7.8,7.9,7.8
15/8/2024 23:40,7.7,8,7.7
15/8/2024 23:45,7.7,7.9,7.7
15/8/2024 23:50,7.9,7.9,7.9
15/8/2024 23:55,7.8,8,7.8
16/8/2024 0:00,7.8,7.9,7.8
16/8/2024 0:05,7.8,7.9,7.8
16/8/2024 0:10,7.8,7.9,7.8
16/8/2024 0:15,7.8,7.9,7.8
16/8/2024 0:20,7.8,7.9,7.8
16/8/2024 0:25,7.8,7.9,7.8
16/8/2024 0:30,7.8,7.9,7.8
16/8/2024 0:35,7.8,7.9,7.8
16/8/2024 0:40,7.8,8,7.8
16/8/2024 0:45,7.8,8,7.8
16/8/2024 0:50,7.8,8,7.8
16/8/2024 0:55,7.8,7.9,7.8
16/8/2024 1:00,7.8,8,7.8
16/8/2024 1:05,7.8,7.9,7.8
16/8/2024 1:10,7.7,8.1,7.7
16/8/2024 1:15,7.8,7.9,7.8
16/8/2024 1:20,7.8,7.9,7.8
16/8/2024 1:25,7.8,7.9,7.8
16/8/2024 1:30,7.6,8.1,7.6
16/8/2024 1:35,7.7,7.9,7.7
16/8/2024 1:40,7.7,7.9,7.7
16/8/2024 1:45,7.8,7.9,7.8
16/8/2024 1:50,7.8,8.1,7.8
16/8/2024 1:55,7.7,8.1,7.7
16/8/2024 2:00,7.7,8.1,7.7
16/8/2024 2:05,7.9,7.9,7.9
16/8/2024 2:10,7.7,8,7.7
16/8/2024 2:15,7.8,7.9,7.8
16/8/2024 2:20,7.8,7.9,7.8
16/8/2024 2:25,7.8,8.1,7.8
16/8/2024 2:30,7.6,7.9,7.6
16/8/2024 2:35,7.8,7.9,7.8
16/8/2024 2:40,7.6,8.1,7.6
16/8/2024 2:45,7.6,7.9,7.6
16/8/2024 2:50,7.7,7.9,7.7
16/8/2024 2:55,7.7,7.8,7.7
16/8/2024 3:00,7.7,7.8,7.7
16/8/2024 3:05,7.7,7.8,7.7
16/8/2024 3:10,7.6,7.8,7.6
16/8/2024 3:15,7.7,7.9,7.7
16/8/2024 3:20,7.6,8.2,7.6
16/8/2024 3:25,7.7,7.9,7.7
16/8/2024 3:30,7.8,7.9,7.8
16/8/2024 3:35,7.7,7.9,7.7
16/8/2024 3:40,7.7,7.9,7.7
16/8/2024 3:45,7.7,7.9,7.7
16/8/2024 3:50,7.7,7.9,7.7
16/8/2024 3:55,7.7,7.9,7.7
16/8/2024 4:00,7.7,7.8,7.7
16/8/2024 4:05,7.5,7.8,7.5
16/8/2024 4:10,7.6,7.9,7.6
16/8/2024 4:15,7.6,7.7,7.6
16/8/2024 4:20,7.6,7.8,7.6
16/8/2024 4:25,7.5,7.8,7.5
16/8/2024 4:30,7.5,7.7,7.5
16/8/2024 4:35,7.5,7.8,7.5
16/8/2024 4:40,7.4,7.8,7.4
16/8/2024 4:45,7.6,7.7,7.6
16/8/2024 4:50,7.6,7.7,7.6
16/8/2024 4:55,7.5,7.6,7.5
16/8/2024 5:00,7.5,7.6,7.5
16/8/2024 5:05,7.5,7.7,7.5
16/8/2024 5:10,7.5,7.6,7.5
16/8/2024 5:15,7.3,7.5,7.3
16/8/2024 5:20,7.4,7.5,7.4
16/8/2024 5:25,7.4,7.6,7.4
16/8/2024 5:30,7.4,7.6,7.4
16/8/2024 5:35,7.4,7.7,7.4
16/8/2024 5:40,7.4,7.5,7.4
16/8/2024 5:45,7.4,7.5,7.4
16/8/2024 5:50,7.4,7.6,7.4
16/8/2024 5:55,7.5,7.6,7.5
16/8/2024 6:00,7.4,7.5,7.4
16/8/2024 6:05,7.4,7.6,7.4
16/8/2024 6:10,7.3,7.5,7.3
16/8/2024 6:15,7.4,7.5,7.4
16/8/2024 6:20,7.4,7.5,7.4
16/8/2024 6:25,7.5,7.5,7.5
16/8/2024 6:30,7.4,7.5,7.4
16/8/2024 6:35,7.4,7.5,7.4
16/8/2024 6:40,7.4,7.5,7.4
16/8/2024 6:45,7.4,7.5,7.4
16/8/2024 6:50,7.4,7.5,7.4
16/8/2024 6:55,7.4,7.5,7.4
16/8/2024 7:00,7.4,7.5,7.4
16/8/2024 7:05,7.4,7.5,7.4
16/8/2024 7:10,7.4,7.5,7.4
16/8/2024 7:15,7.4,7.5,7.4
16/8/2024 7:20,7.4,7.6,7.4
16/8/2024 7:25,7.4,7.6,7.4
16/8/2024 7:30,7.4,7.6,7.4
16/8/2024 7:35,7.4,7.6,7.4
16/8/2024 7:40,7.4,7.6,7.4
16/8/2024 7:45,7.4,7.5,7.4
16/8/2024 7:50,7.5,7.5,7.5
16/8/2024 7:55,7.4,7.5,7.4
16/8/2024 8:00,7.4,7.6,7.4
16/8/2024 8:05,7.4,7.5,7.4
16/8/2024 8:10,7.4,7.5,7.4
16/8/2024 8:15,7.4,7.5,7.4
16/8/2024 8:20,7.4,7.6,7.4
16/8/2024 8:25,7.3,7.5,7.3
16/8/2024 8:30,7.3,7.6,7.3
16/8/2024 8:35,7.3,7.5,7.3
16/8/2024 8:40,7.3,7.5,7.3
16/8/2024 8:45,7.3,7.4,7.3
16/8/2024 8:50,7.3,7.4,7.3
16/8/2024 8:55,7.4,7.4,7.4
16/8/2024 9:00,7.3,7.4,7.3
16/8/2024 9:05,7.3,7.4,7.3
16/8/2024 9:10,7.3,7.4,7.3
16/8/2024 9:15,7.2,7.3,7.2
16/8/2024 9:20,7.3,7.3,7.3
16/8/2024 9:25,7.3,7.4,7.3
16/8/2024 9:30,7.3,7.3,7.3
16/8/2024 9:35,7.3,7.4,7.3
16/8/2024 9:40,7.3,7.4,7.3
16/8/2024 9:45,7.3,7.4,7.3
16/8/2024 9:50,7.3,7.4,7.3
16/8/2024 9:55,7.2,7.3,7.2
16/8/2024 10:00,7.3,7.3,7.3
16/8/2024 10:05,7.3,7.4,7.3
16/8/2024 10:10,7.2,7.3,7.2
16/8/2024 10:15,7,7.3,7
16/8/2024 10:20,7,7.4,7
16/8/2024 10:25,7,7.2,7
16/8/2024 10:30,6.9,7.3,6.9
16/8/2024 10:35,6.9,7.2,6.9
16/8/2024 10:40,6.7,7.2,6.7
16/8/2024 10:45,6.8,7.2,6.8
16/8/2024 10:50,6.8,7.2,6.8
16/8/2024 10:55,6.8,7.2,6.8
16/8/2024 11:00,6.7,7.2,6.7
16/8/2024 11:05,6.7,7.2,6.7
16/8/2024 11:10,6.6,7.2,6.6
16/8/2024 11:15,6.6,7.2,6.6
16/8/2024 11:20,6.7,7.2,6.7
16/8/2024 11:25,6.8,7.2,6.8
16/8/2024 11:30,6.7,7.2,6.7
16/8/2024 11:35,6.7,6.8,6.7
16/8/2024 11:40,6.7,6.9,6.7
16/8/2024 11:45,6.8,6.9,6.8
16/8/2024 11:50,6.7,7.1,6.7
16/8/2024 11:55,6.6,6.8,6.6
16/8/2024 12:00,6.6,6.8,6.6
16/8/2024 12:05,6.9,7,6.9
16/8/2024 12:10,6.6,6.9,6.6
16/8/2024 12:15,6.6,6.8,6.6
16/8/2024 12:20,6.8,7.2,6.8
16/8/2024 12:25,6.6,7.5,6.6
16/8/2024 12:30,6.7,7.3,6.7
16/8/2024 12:35,6.4,7.4,6.4
16/8/2024 12:40,6.1,6.9,6.1
16/8/2024 12:45,6.6,7.3,6.6
16/8/2024 12:50,6.6,7.2,6.6
16/8/2024 12:55,6.6,7,6.6
16/8/2024 13:00,6.6,7,6.6
16/8/2024 13:05,6.7,7.3,6.7
16/8/2024 13:10,6.4,7.3,6.4
16/8/2024 13:15,6.6,7.2,6.6
16/8/2024 13:20,6.7,7,6.7
16/8/2024 13:25,6.6,7.3,6.6
16/8/2024 13:30,6.5,7.2,6.5
16/8/2024 13:35,6.6,7.3,6.6
16/8/2024 13:40,4.8,7.5,4.8
16/8/2024 13:45,6.5,7.3,6.5
16/8/2024 13:50,6.8,7.3,6.8
16/8/2024 13:55,6.7,7.3,6.7
16/8/2024 14:00,6.6,7.4,6.6
16/8/2024 14:05,6.8,7.3,6.8
16/8/2024 14:10,6.8,7.3,6.8
16/8/2024 14:15,7,7.5,7
16/8/2024 14:20,7,7.5,7
16/8/2024 14:25,6.9,7.5,6.9
16/8/2024 14:30,6.8,7.6,6.8
16/8/2024 14:35,0,0,0
16/8/2024 14:40,7.2,7.6,7.2
16/8/2024 14:45,7.4,7.6,7.4
16/8/2024 14:50,7.4,7.6,7.4
16/8/2024 14:55,7.5,7.7,7.5
16/8/2024 15:00,7.5,7.7,7.5
16/8/2024 15:05,7.4,7.6,7.4
16/8/2024 15:10,7.6,7.6,7.6
16/8/2024 15:15,7.4,7.8,7.4
16/8/2024 15:20,0,0,0
16/8/2024 15:25,7.4,7.5,7.4
16/8/2024 15:30,7.4,7.6,7.4
16/8/2024 15:35,7.4,7.7,7.4
16/8/2024 15:40,7.6,7.6,7.6
16/8/2024 15:45,7.4,7.6,7.4
16/8/2024 15:50,7.6,7.6,7.6
16/8/2024 15:55,7.5,7.7,7.5
16/8/2024 16:00,7.4,7.4,7.4
16/8/2024 16:05,7.5,7.6,7.5
16/8/2024 16:10,7.2,7.9,7.2
16/8/2024 16:15,7.2,7.6,7.2
16/8/2024 16:20,6.9,7.7,6.9
16/8/2024 16:25,7.1,7.8,7.1
16/8/2024 16:30,6.8,7.7,6.8
16/8/2024 16:35,7.2,7.8,7.2
16/8/2024 16:40,7.1,7.8,7.1
16/8/2024 16:45,7.2,7.6,7.2
16/8/2024 16:50,6.9,7.7,6.9
16/8/2024 16:55,7.5,7.6,7.5
16/8/2024 17:00,7.2,7.7,7.2
16/8/2024 17:05,7.2,7.6,7.2
16/8/2024 17:10,7.3,7.7,7.3
16/8/2024 17:15,7.2,7.9,7.2
16/8/2024 17:20,7.2,7.6,7.2
16/8/2024 17:25,7.5,7.6,7.5
16/8/2024 17:30,7.2,7.9,7.2
16/8/2024 17:35,7.3,7.9,7.3
16/8/2024 17:40,7.2,7.7,7.2
16/8/2024 17:45,7.4,7.8,7.4
16/8/2024 17:50,7.1,7.7,7.1
16/8/2024 17:55,7.3,7.7,7.3
16/8/2024 18:00,7.3,7.7,7.3
16/8/2024 18:05,7.3,7.6,7.3
16/8/2024 18:10,7.3,7.8,7.3
16/8/2024 18:15,7.4,7.6,7.4
16/8/2024 18:20,7.5,7.5,7.5
16/8/2024 18:25,0,0,0
16/8/2024 18:30,7.4,7.7,7.4
16/8/2024 18:35,7.5,7.6,7.5
16/8/2024 18:40,7.4,7.6,7.4
16/8/2024 18:45,7.5,7.5,7.5
16/8/2024 18:50,7.5,7.5,7.5
16/8/2024 18:55,7.5,7.6,7.5
16/8/2024 19:00,7.5,7.6,7.5
16/8/2024 19:05,7.5,7.5,7.5
16/8/2024 19:10,7.5,7.6,7.5
16/8/2024 19:15,7.6,7.6,7.6
16/8/2024 19:20,0,0,0
16/8/2024 19:25,7.5,7.6,7.5
16/8/2024 19:30,7.5,7.7,7.5
16/8/2024 19:35,7.2,7.6,7.2
16/8/2024 19:40,7.5,7.7,7.5
16/8/2024 19:45,7.2,7.7,7.2
16/8/2024 19:50,7.5,7.7,7.5
16/8/2024 19:55,7.5,7.7,7.5
16/8/2024 20:00,7.4,7.5,7.4
16/8/2024 20:05,7.5,7.5,7.5
16/8/2024 20:10,0,0,0
16/8/2024 20:15,7.5,7.5,7.5
16/8/2024 20:20,7.5,7.7,7.5
16/8/2024 20:25,7.5,7.7,7.5
16/8/2024 20:30,7.6,7.6,7.6
16/8/2024 20:35,7.5,7.6,7.5
16/8/2024 20:40,7.6,7.7,7.6
16/8/2024 20:45,7.4,7.6,7.4
16/8/2024 20:50,7.4,7.6,7.4
16/8/2024 20:55,7.4,7.4,7.4
16/8/2024 21:00,7.4,7.6,7.4
16/8/2024 21:05,7.2,7.6,7.2
16/8/2024 21:10,7.5,7.6,7.5
16/8/2024 21:15,7.4,7.6,7.4
16/8/2024 21:20,7.5,7.7,7.5
16/8/2024 21:25,7.5,7.5,7.5
16/8/2024 21:30,0,0,0
16/8/2024 21:35,7.5,7.6,7.5
16/8/2024 21:40,7.5,7.7,7.5
16/8/2024 21:45,7.1,7.8,7.1
16/8/2024 21:50,7.3,7.8,7.3
16/8/2024 21:55,7.1,7.6,7.1
16/8/2024 22:00,7.5,7.6,7.5
16/8/2024 22:05,7.5,7.6,7.5
16/8/2024 22:10,7.5,7.5,7.5
16/8/2024 22:15,7.4,7.7,7.4
16/8/2024 22:20,7.3,7.4,7.3
16/8/2024 22:25,7.6,7.6,7.6
16/8/2024 22:30,7.5,7.7,7.5
16/8/2024 22:35,7.7,7.8,7.7
16/8/2024 22:40,7.6,7.8,7.6
16/8/2024 22:45,7.5,7.5,7.5
16/8/2024 22:50,0,0,0
16/8/2024 22:55,7.5,7.6,7.5
16/8/2024 23:00,7.6,7.7,7.6
16/8/2024 23:05,7.3,7.9,7.3
16/8/2024 23:10,7.4,7.7,7.4
16/8/2024 23:15,7.4,7.4,7.4
16/8/2024 23:20,7.6,7.6,7.6
16/8/2024 23:25,7.2,7.6,7.2
16/8/2024 23:30,7.5,7.6,7.5
16/8/2024 23:35,7.6,7.6,7.6
16/8/2024 23:40,7.7,7.7,7.7
16/8/2024 23:45,7.6,7.7,7.6
16/8/2024 23:50,7.5,7.5,7.5
16/8/2024 23:55,7.7,7.8,7.7
17/8/2024 0:00,7.7,7.7,7.7
17/8/2024 0:05,7.7,7.7,7.7
17/8/2024 0:10,7.7,7.7,7.7
17/8/2024 0:15,0,0,0
17/8/2024 0:20,7.6,7.7,7.6
17/8/2024 0:25,7.7,7.8,7.7
17/8/2024 0:30,7.5,7.7,7.5
17/8/2024 0:35,7.5,7.7,7.5
17/8/2024 0:40,7.6,7.8,7.6
17/8/2024 0:45,7.6,7.8,7.6
17/8/2024 0:50,7.7,7.8,7.7
17/8/2024 0:55,7.6,7.6,7.6
17/8/2024 1:00,7.5,7.8,7.5
17/8/2024 1:05,7.6,7.9,7.6
17/8/2024 1:10,7.6,7.8,7.6
17/8/2024 1:15,7.7,7.8,7.7
17/8/2024 1:20,7.8,7.8,7.8
17/8/2024 1:25,7.7,7.7,7.7
17/8/2024 1:30,7.7,7.8,7.7
17/8/2024 1:35,7.6,7.8,7.6
17/8/2024 1:40,7.7,7.9,7.7
17/8/2024 1:45,7.7,7.9,7.7
17/8/2024 1:50,7.7,7.7,7.7
17/8/2024 1:55,7.7,7.8,7.7
17/8/2024 2:00,7.7,7.7,7.7
17/8/2024 2:05,7.6,7.8,7.6
17/8/2024 2:10,7.7,7.7,7.7
17/8/2024 2:15,7.6,7.8,7.6
17/8/2024 2:20,7.5,7.7,7.5
17/8/2024 2:25,7.5,7.6,7.5
17/8/2024 2:30,7.6,7.9,7.6
17/8/2024 2:35,7.5,7.6,7.5
17/8/2024 2:40,7.5,7.7,7.5
17/8/2024 2:45,7.5,7.5,7.5
17/8/2024 2:50,7.5,7.7,7.5
17/8/2024 2:55,7.5,7.6,7.5
17/8/2024 3:00,7.4,7.5,7.4
17/8/2024 3:05,7.5,7.7,7.5
17/8/2024 3:10,7.4,7.5,7.4
17/8/2024 3:15,7.3,7.6,7.3
17/8/2024 3:20,7.5,7.5,7.5
17/8/2024 3:25,7.2,7.6,7.2
17/8/2024 3:30,7.3,7.6,7.3
17/8/2024 3:35,7.4,7.5,7.4
17/8/2024 3:40,7.4,7.5,7.4
17/8/2024 3:45,7.3,7.3,7.3
17/8/2024 3:50,7.3,7.3,7.3
17/8/2024 3:55,7.3,7.4,7.3
17/8/2024 4:00,7.4,7.5,7.4
17/8/2024 4:05,7.3,7.4,7.3
17/8/2024 4:10,7,7.3,7
17/8/2024 4:15,7.2,7.4,7.2
17/8/2024 4:20,7.2,7.4,7.2
17/8/2024 4:25,7.3,7.4,7.3
17/8/2024 4:30,7.2,7.4,7.2
17/8/2024 4:35,7.2,7.3,7.2
17/8/2024 4:40,6.8,7.3,6.8
17/8/2024 4:45,6.8,7.3,6.8
17/8/2024 4:50,6.8,7.5,6.8
17/8/2024 4:55,6.8,7.4,6.8
17/8/2024 5:00,6.8,7.5,6.8
17/8/2024 5:05,6.9,7.4,6.9
17/8/2024 5:10,6.8,7.4,6.8
17/8/2024 5:15,6.6,7.3,6.6
17/8/2024 5:20,6.6,7.3,6.6
17/8/2024 5:25,6.7,7.3,6.7
17/8/2024 5:30,7.3,7.4,7.3
17/8/2024 5:35,6.9,7.4,6.9
17/8/2024 5:40,6.9,7.5,6.9
17/8/2024 5:45,6.9,7.4,6.9
17/8/2024 5:50,7.2,7.3,7.2
17/8/2024 5:55,7.1,7.4,7.1
17/8/2024 6:00,6.9,7.4,6.9
17/8/2024 6:05,7.3,7.3,7.3
17/8/2024 6:10,7.3,7.4,7.3
17/8/2024 6:15,6.9,7.5,6.9
17/8/2024 6:20,6.8,7.6,6.8
17/8/2024 6:25,6.9,7.5,6.9
17/8/2024 6:30,7,7.6,7
17/8/2024 6:35,6.8,7.5,6.8
17/8/2024 6:40,6.8,7.6,6.8
17/8/2024 6:45,7.3,7.4,7.3
17/8/2024 6:50,6.8,7.5,6.8
17/8/2024 6:55,7,7.5,7
17/8/2024 7:00,7.2,7.3,7.2
17/8/2024 7:05,7.3,7.4,7.3
17/8/2024 7:10,7.2,7.4,7.2
17/8/2024 7:15,7.2,7.3,7.2
17/8/2024 7:20,7.3,7.3,7.3
17/8/2024 7:25,7.2,7.4,7.2
17/8/2024 7:30,7.3,7.3,7.3
17/8/2024 7:35,7.3,7.3,7.3
17/8/2024 7:40,7.3,7.4,7.3
17/8/2024 7:45,7.2,7.3,7.2
17/8/2024 7:50,7.3,7.4,7.3
17/8/2024 7:55,7.2,7.3,7.2
17/8/2024 8:00,7.3,7.4,7.3
17/8/2024 8:05,7,7.4,7
17/8/2024 8:10,7,7.3,7
17/8/2024 8:15,7,7.4,7
17/8/2024 8:20,7,7.4,7
17/8/2024 8:25,6.9,7.3,6.9
17/8/2024 8:30,6.8,7.2,6.8
17/8/2024 8:35,6.8,7.2,6.8
17/8/2024 8:40,6.8,7.2,6.8
17/8/2024 8:45,6.8,7.3,6.8
17/8/2024 8:50,6.8,7.3,6.8
17/8/2024 8:55,6.8,7.3,6.8
17/8/2024 9:00,6.7,7.2,6.7
17/8/2024 9:05,6.7,7.2,6.7
17/8/2024 9:10,6.5,7.2,6.5
17/8/2024 9:15,6.7,6.9,6.7
17/8/2024 9:20,6.7,7.3,6.7
17/8/2024 9:25,6.7,7.2,6.7
17/8/2024 9:30,6.7,7.2,6.7
17/8/2024 9:35,6.7,6.9,6.7
17/8/2024 9:40,6.5,6.9,6.5
17/8/2024 9:45,6.5,6.7,6.5
17/8/2024 9:50,6.6,6.9,6.6
17/8/2024 9:55,6.6,6.8,6.6
17/8/2024 10:00,6.5,6.7,6.5
17/8/2024 10:05,6.6,6.9,6.6
17/8/2024 10:10,6.6,6.7,6.6
17/8/2024 10:15,6.6,6.7,6.6
17/8/2024 10:20,6.2,6.8,6.2
17/8/2024 10:25,6.2,6.8,6.2
17/8/2024 10:30,6.2,6.6,6.2
17/8/2024 10:35,6.4,7.3,6.4
17/8/2024 10:40,6.5,6.9,6.5
17/8/2024 10:45,6.6,7.2,6.6
17/8/2024 10:50,6.3,7.2,6.3
17/8/2024 10:55,6.2,6.8,6.2
17/8/2024 11:00,6.2,6.9,6.2
17/8/2024 11:05,6.6,7.2,6.6
17/8/2024 11:10,6.2,6.8,6.2
17/8/2024 11:15,6.2,6.8,6.2
17/8/2024 11:20,6.2,6.9,6.2
17/8/2024 11:25,6.1,6.7,6.1
17/8/2024 11:30,6.1,6.8,6.1
17/8/2024 11:35,6,6.7,6
17/8/2024 11:40,5.7,6.9,5.7
17/8/2024 11:45,6.1,6.8,6.1
17/8/2024 11:50,6.2,7.6,6.2
17/8/2024 11:55,5.9,6.9,5.9
17/8/2024 12:00,5.6,7.1,5.6
17/8/2024 12:05,5,6.9,5
17/8/2024 12:10,5.5,6.9,5.5
17/8/2024 12:15,5.7,7,5.7
17/8/2024 12:20,5.8,6.9,5.8
17/8/2024 12:25,5.6,7,5.6
17/8/2024 12:30,5.9,6.9,5.9
17/8/2024 12:35,5.9,6.8,5.9
17/8/2024 12:40,6.1,7,6.1
17/8/2024 12:45,5.8,7,5.8
17/8/2024 12:50,6,6.8,6
17/8/2024 12:55,5.5,7.4,5.5
17/8/2024 13:00,5.8,7.4,5.8
17/8/2024 13:05,5.5,7.1,5.5
17/8/2024 13:10,5.8,6.9,5.8
17/8/2024 13:15,6.3,6.8,6.3
17/8/2024 13:20,6.4,6.9,6.4
17/8/2024 13:25,6.5,6.8,6.5
17/8/2024 13:30,6.5,6.7,6.5
17/8/2024 13:35,6.5,6.9,6.5
17/8/2024 13:40,6.6,6.9,6.6
17/8/2024 13:45,6.6,6.9,6.6
17/8/2024 13:50,6.6,6.8,6.6
17/8/2024 13:55,6.3,7.3,6.3
17/8/2024 14:00,6.6,7.2,6.6
17/8/2024 14:05,6.2,7.3,6.2
17/8/2024 14:10,6.7,7.3,6.7
17/8/2024 14:15,6.6,7.3,6.6
17/8/2024 14:20,6.7,7.4,6.7
17/8/2024 14:25,6.7,7.5,6.7
17/8/2024 14:30,6.8,7.3,6.8
17/8/2024 14:35,6.8,7.6,6.8
17/8/2024 14:40,6.8,7.4,6.8
17/8/2024 14:45,7,7.4,7
17/8/2024 14:50,6.9,7.5,6.9
17/8/2024 14:55,7,7.5,7
17/8/2024 15:00,7,7.4,7
17/8/2024 15:05,7,7.4,7
17/8/2024 15:10,7,7.4,7
17/8/2024 15:15,7,7.4,7
17/8/2024 15:20,7.3,7.4,7.3
17/8/2024 15:25,7.1,7.3,7.1
17/8/2024 15:30,7.1,7.4,7.1
17/8/2024 15:35,7.3,7.4,7.3
17/8/2024 15:40,7.1,7.4,7.1
17/8/2024 15:45,7.4,7.5,7.4
17/8/2024 15:50,7.4,7.5,7.4
17/8/2024 15:55,7.3,7.4,7.3
17/8/2024 16:00,7.3,7.5,7.3
17/8/2024 16:05,7.3,7.6,7.3
17/8/2024 16:10,7.4,7.6,7.4
17/8/2024 16:15,7.4,7.5,7.4
17/8/2024 16:20,7.2,7.7,7.2
17/8/2024 16:25,7.3,7.6,7.3
17/8/2024 16:30,7.5,7.6,7.5
17/8/2024 16:35,7.3,7.6,7.3
17/8/2024 16:40,7.4,7.6,7.4
17/8/2024 16:45,7.4,7.7,7.4
17/8/2024 16:50,7.4,7.8,7.4
17/8/2024 16:55,7.4,7.7,7.4
17/8/2024 17:00,7.2,7.6,7.2
17/8/2024 17:05,7.1,7.6,7.1
17/8/2024 17:10,7.2,7.6,7.2
17/8/2024 17:15,7.5,7.6,7.5
17/8/2024 17:20,7.4,7.6,7.4
17/8/2024 17:25,7.4,7.6,7.4
17/8/2024 17:30,7.4,7.5,7.4
17/8/2024 17:35,7.3,7.5,7.3
17/8/2024 17:40,7.4,7.5,7.4
17/8/2024 17:45,7.3,7.4,7.3
17/8/2024 17:50,7.3,7.5,7.3
17/8/2024 17:55,7.4,7.5,7.4
17/8/2024 18:00,7.3,7.5,7.3
17/8/2024 18:05,7.3,7.5,7.3
17/8/2024 18:10,7.4,7.5,7.4
17/8/2024 18:15,7.4,7.5,7.4
17/8/2024 18:20,7.4,7.5,7.4
17/8/2024 18:25,7.4,7.5,7.4
17/8/2024 18:30,7.4,7.6,7.4
17/8/2024 18:35,7.4,7.5,7.4
17/8/2024 18:40,7.4,7.6,7.4
17/8/2024 18:45,7.3,7.6,7.3
17/8/2024 18:50,7.3,7.5,7.3
17/8/2024 18:55,7.3,7.6,7.3
17/8/2024 19:00,7.3,7.6,7.3
17/8/2024 19:05,7.4,7.6,7.4
17/8/2024 19:10,7.4,7.7,7.4
17/8/2024 19:15,7.4,7.5,7.4
17/8/2024 19:20,7.4,7.7,7.4
17/8/2024 19:25,7.4,7.5,7.4
17/8/2024 19:30,7.4,7.6,7.4
17/8/2024 19:35,7.4,7.7,7.4
17/8/2024 19:40,7.4,7.7,7.4
17/8/2024 19:45,7.1,7.6,7.1
17/8/2024 19:50,7.2,7.6,7.2
17/8/2024 19:55,7.3,7.6,7.3
17/8/2024 20:00,7.1,7.7,7.1
17/8/2024 20:05,7.1,7.6,7.1
17/8/2024 20:10,7,7.7,7
17/8/2024 20:15,7.3,7.6,7.3
17/8/2024 20:20,7.2,7.7,7.2
17/8/2024 20:25,7.1,7.8,7.1
17/8/2024 20:30,7.1,7.9,7.1
17/8/2024 20:35,6.9,7.8,6.9
17/8/2024 20:40,7.1,7.7,7.1
17/8/2024 20:45,7.2,7.8,7.2
17/8/2024 20:50,7.1,7.8,7.1
17/8/2024 20:55,7.3,7.9,7.3
17/8/2024 21:00,6.7,7.8,6.7
17/8/2024 21:05,7.2,7.9,7.2
17/8/2024 21:10,6.6,7.8,6.6
17/8/2024 21:15,7,7.7,7
17/8/2024 21:20,7.1,7.7,7.1
17/8/2024 21:25,7.3,7.8,7.3
17/8/2024 21:30,7.5,7.7,7.5
17/8/2024 21:35,7.2,7.9,7.2
17/8/2024 21:40,7.4,7.7,7.4
17/8/2024 21:45,7.4,7.7,7.4
17/8/2024 21:50,7.5,7.8,7.5
17/8/2024 21:55,7.5,7.8,7.5
17/8/2024 22:00,7.5,7.9,7.5
17/8/2024 22:05,7.4,7.7,7.4
17/8/2024 22:10,7.6,7.7,7.6
17/8/2024 22:15,7.5,7.7,7.5
17/8/2024 22:20,7.3,7.7,7.3
17/8/2024 22:25,7.5,7.7,7.5
17/8/2024 22:30,7.4,7.7,7.4
17/8/2024 22:35,7.4,7.7,7.4
17/8/2024 22:40,7.4,7.6,7.4
17/8/2024 22:45,7.4,7.6,7.4
17/8/2024 22:50,7.3,7.5,7.3
17/8/2024 22:55,7,7.8,7
17/8/2024 23:00,7.4,7.5,7.4
17/8/2024 23:05,7.5,7.6,7.5
17/8/2024 23:10,7.4,7.5,7.4
17/8/2024 23:15,7.4,7.6,7.4
17/8/2024 23:20,7.3,7.6,7.3
17/8/2024 23:25,7.1,7.8,7.1
17/8/2024 23:30,7.1,7.6,7.1
17/8/2024 23:35,7.4,7.7,7.4
17/8/2024 23:40,7.5,7.6,7.5
17/8/2024 23:45,7.4,7.6,7.4
17/8/2024 23:50,7.4,7.6,7.4
17/8/2024 23:55,7.5,7.6,7.5
18/8/2024 0:00,7.4,7.6,7.4
18/8/2024 0:05,7.4,7.6,7.4
18/8/2024 0:10,7.5,7.7,7.5
18/8/2024 0:15,7.5,7.7,7.5
18/8/2024 0:20,7.5,7.7,7.5
18/8/2024 0:25,7.4,7.6,7.4
18/8/2024 0:30,7.5,7.6,7.5
18/8/2024 0:35,7.5,7.7,7.5
18/8/2024 0:40,7.5,7.6,7.5
18/8/2024 0:45,7.5,7.7,7.5
18/8/2024 0:50,7.5,7.6,7.5
18/8/2024 0:55,7.5,7.6,7.5
18/8/2024 1:00,7.5,7.6,7.5
18/8/2024 1:05,7.5,7.7,7.5
18/8/2024 1:10,7.5,7.6,7.5
18/8/2024 1:15,7.5,7.6,7.5
18/8/2024 1:20,7.4,7.6,7.4
18/8/2024 1:25,7.4,7.6,7.4
18/8/2024 1:30,7.4,7.8,7.4
18/8/2024 1:35,7.5,7.6,7.5
18/8/2024 1:40,7.4,7.7,7.4
18/8/2024 1:45,7.5,7.7,7.5
18/8/2024 1:50,7.5,7.7,7.5
18/8/2024 1:55,7.5,7.6,7.5
18/8/2024 2:00,7.5,7.7,7.5
18/8/2024 2:05,7.5,7.7,7.5
18/8/2024 2:10,7.4,7.7,7.4
18/8/2024 2:15,7.4,7.7,7.4
18/8/2024 2:20,7.5,7.7,7.5
18/8/2024 2:25,7.5,7.6,7.5
18/8/2024 2:30,7.6,7.7,7.6
18/8/2024 2:35,7.6,7.7,7.6
18/8/2024 2:40,7.6,7.7,7.6
18/8/2024 2:45,7.5,7.6,7.5
18/8/2024 2:50,7.5,7.7,7.5
18/8/2024 2:55,7.5,7.7,7.5
18/8/2024 3:00,7.5,7.6,7.5
18/8/2024 3:05,7.5,7.7,7.5
18/8/2024 3:10,7.4,7.6,7.4
18/8/2024 3:15,7.4,7.6,7.4
18/8/2024 3:20,7.5,7.6,7.5
18/8/2024 3:25,7.3,7.6,7.3
18/8/2024 3:30,7.4,7.6,7.4
18/8/2024 3:35,7.4,7.5,7.4
18/8/2024 3:40,7.4,7.5,7.4
18/8/2024 3:45,7.4,7.5,7.4
18/8/2024 3:50,7.4,7.5,7.4
18/8/2024 3:55,7.3,7.5,7.3
18/8/2024 4:00,7.3,7.5,7.3
18/8/2024 4:05,7.3,7.5,7.3
18/8/2024 4:10,7.3,7.5,7.3
18/8/2024 4:15,7.3,7.4,7.3
18/8/2024 4:20,7.3,7.4,7.3
18/8/2024 4:25,7.3,7.4,7.3
18/8/2024 4:30,7.3,7.4,7.3
18/8/2024 4:35,7.3,7.3,7.3
18/8/2024 4:40,7.3,7.4,7.3
18/8/2024 4:45,7.2,7.3,7.2
18/8/2024 4:50,7.2,7.3,7.2
18/8/2024 4:55,7.2,7.3,7.2
18/8/2024 5:00,7.2,7.3,7.2
18/8/2024 5:05,7.2,7.3,7.2
18/8/2024 5:10,7.2,7.3,7.2
18/8/2024 5:15,7.2,7.3,7.2
18/8/2024 5:20,7.2,7.3,7.2
18/8/2024 5:25,7.2,7.3,7.2
18/8/2024 5:30,7.2,7.3,7.2
18/8/2024 5:35,7.2,7.3,7.2
18/8/2024 5:40,7.2,7.3,7.2
18/8/2024 5:45,7.2,7.3,7.2
18/8/2024 5:50,7.2,7.3,7.2
18/8/2024 5:55,7.1,7.3,7.1
18/8/2024 6:00,7.3,7.3,7.3
18/8/2024 6:05,7.2,7.3,7.2
18/8/2024 6:10,7.2,7.3,7.2
18/8/2024 6:15,7.2,7.3,7.2
18/8/2024 6:20,7.2,7.3,7.2
18/8/2024 6:25,7.1,7.3,7.1
18/8/2024 6:30,7,7.3,7
18/8/2024 6:35,7.1,7.3,7.1
18/8/2024 6:40,7.1,7.2,7.1
18/8/2024 6:45,7,7.3,7
18/8/2024 6:50,7.2,7.3,7.2
18/8/2024 6:55,7.2,7.4,7.2
18/8/2024 7:00,7.2,7.3,7.2
18/8/2024 7:05,7.2,7.3,7.2
18/8/2024 7:10,7.2,7.3,7.2
18/8/2024 7:15,7.2,7.3,7.2
18/8/2024 7:20,7.2,7.3,7.2
18/8/2024 7:25,7.2,7.3,7.2
18/8/2024 7:30,7.2,7.3,7.2
18/8/2024 7:35,7.2,7.3,7.2
18/8/2024 7:40,7.2,7.3,7.2
18/8/2024 7:45,7.3,7.3,7.3
18/8/2024 7:50,7.2,7.3,7.2
18/8/2024 7:55,7.2,7.3,7.2
18/8/2024 8:00,7,7.3,7
18/8/2024 8:05,6.9,7.3,6.9
18/8/2024 8:10,7,7.2,7
18/8/2024 8:15,6.9,7.2,6.9
18/8/2024 8:20,6.8,7.3,6.8
18/8/2024 8:25,6.8,7.2,6.8
18/8/2024 8:30,6.8,7.1,6.8
18/8/2024 8:35,6.7,7.1,6.7
18/8/2024 8:40,6.8,7.2,6.8
18/8/2024 8:45,6.7,7,6.7
18/8/2024 8:50,6.8,7.1,6.8
18/8/2024 8:55,6.6,7.1,6.6
18/8/2024 9:00,6.8,7,6.8
18/8/2024 9:05,6.8,7,6.8
18/8/2024 9:10,6.8,6.9,6.8
18/8/2024 9:15,6.7,6.9,6.7
18/8/2024 9:20,6.7,6.8,6.7
18/8/2024 9:25,6.7,6.8,6.7
18/8/2024 9:30,6.7,6.8,6.7
18/8/2024 9:35,6.7,6.8,6.7
18/8/2024 9:40,6.6,6.8,6.6
18/8/2024 9:45,6.7,6.8,6.7
18/8/2024 9:50,6.6,6.8,6.6
18/8/2024 9:55,6.6,6.7,6.6
18/8/2024 10:00,6.6,6.7,6.6
18/8/2024 10:05,6.6,6.7,6.6
18/8/2024 10:10,6.5,6.7,6.5
18/8/2024 10:15,6.5,6.7,6.5
18/8/2024 10:20,6.5,6.6,6.5
18/8/2024 10:25,6.5,6.6,6.5
18/8/2024 10:30,6.5,6.6,6.5
18/8/2024 10:35,6.5,6.6,6.5
18/8/2024 10:40,6.5,6.6,6.5
18/8/2024 10:45,6.5,6.7,6.5
18/8/2024 10:50,6.5,6.7,6.5
18/8/2024 10:55,6.5,6.7,6.5
18/8/2024 11:00,6.5,6.6,6.5
18/8/2024 11:05,6.5,6.6,6.5
18/8/2024 11:10,6.5,6.6,6.5
18/8/2024 11:15,6.5,6.6,6.5
18/8/2024 11:20,6.4,6.6,6.4
18/8/2024 11:25,6.5,6.6,6.5
18/8/2024 11:30,6.1,6.7,6.1
18/8/2024 11:35,6.3,6.6,6.3
18/8/2024 11:40,6.2,6.6,6.2
18/8/2024 11:45,6.2,6.6,6.2
18/8/2024 11:50,5.8,6.8,5.8
18/8/2024 11:55,6.1,6.6,6.1
18/8/2024 12:00,5.9,6.6,5.9
18/8/2024 12:05,5.8,6.6,5.8
18/8/2024 12:10,5.8,6.8,5.8
18/8/2024 12:15,5.8,6.8,5.8
18/8/2024 12:20,5.9,6.7,5.9
18/8/2024 12:25,5.9,7,5.9
18/8/2024 12:30,6,6.7,6
18/8/2024 12:35,5.7,6.8,5.7
18/8/2024 12:40,5.7,6.7,5.7
18/8/2024 12:45,6.1,6.6,6.1
18/8/2024 12:50,5.9,6.8,5.9
18/8/2024 12:55,5.9,6.7,5.9
18/8/2024 13:00,6,6.6,6
18/8/2024 13:05,6.2,6.7,6.2
18/8/2024 13:10,6.2,6.7,6.2
18/8/2024 13:15,5.9,6.8,5.9
18/8/2024 13:20,6.1,6.9,6.1
18/8/2024 13:25,6.6,6.7,6.6
18/8/2024 13:30,6.6,6.8,6.6
18/8/2024 13:35,6.6,6.8,6.6
18/8/2024 13:40,6.6,6.7,6.6
18/8/2024 13:45,6.7,6.9,6.7
18/8/2024 13:50,6.8,6.9,6.8
18/8/2024 13:55,6.8,7,6.8
18/8/2024 14:00,6.8,7.2,6.8
18/8/2024 14:05,6.8,7.2,6.8
18/8/2024 14:10,6.9,7.3,6.9
18/8/2024 14:15,6.9,7.3,6.9
18/8/2024 14:20,6.9,7.4,6.9
18/8/2024 14:25,7.2,7.3,7.2
18/8/2024 14:30,7.3,7.4,7.3
18/8/2024 14:35,7.3,7.5,7.3
18/8/2024 14:40,7.3,7.5,7.3
18/8/2024 14:45,7.4,7.5,7.4
18/8/2024 14:50,7.4,7.6,7.4
18/8/2024 14:55,7.4,7.5,7.4
18/8/2024 15:00,7.4,7.5,7.4
18/8/2024 15:05,7.4,7.5,7.4
18/8/2024 15:10,7.5,7.5,7.5
18/8/2024 15:15,7.4,7.6,7.4
18/8/2024 15:20,7.4,7.6,7.4
18/8/2024 15:25,7.4,7.6,7.4
18/8/2024 15:30,7.5,7.6,7.5
18/8/2024 15:35,7.4,7.6,7.4
18/8/2024 15:40,7.4,7.6,7.4
18/8/2024 15:45,7.4,7.6,7.4
18/8/2024 15:50,7.4,7.6,7.4
18/8/2024 15:55,7.3,7.5,7.3
18/8/2024 16:00,7.4,7.5,7.4
18/8/2024 16:05,7.5,7.6,7.5
18/8/2024 16:10,7.4,7.6,7.4
18/8/2024 16:15,7.5,7.6,7.5
18/8/2024 16:20,7.3,7.6,7.3
18/8/2024 16:25,7.4,7.6,7.4
18/8/2024 16:30,7.4,7.6,7.4
18/8/2024 16:35,7.4,7.5,7.4
18/8/2024 16:40,7.3,7.6,7.3
18/8/2024 16:45,7.3,7.5,7.3
18/8/2024 16:50,7.3,7.5,7.3
18/8/2024 16:55,7.4,7.4,7.4
18/8/2024 17:00,7.3,7.5,7.3
18/8/2024 17:05,7.4,7.4,7.4
18/8/2024 17:10,7.4,7.5,7.4
18/8/2024 17:15,7.3,7.5,7.3
18/8/2024 17:20,7.3,7.5,7.3
18/8/2024 17:25,7.4,7.6,7.4
18/8/2024 17:30,7.2,7.6,7.2
18/8/2024 17:35,7.2,7.6,7.2
18/8/2024 17:40,7.4,7.6,7.4
18/8/2024 17:45,7.4,7.5,7.4
18/8/2024 17:50,7.3,7.6,7.3
18/8/2024 17:55,7.4,7.6,7.4
18/8/2024 18:00,7.3,7.7,7.3
18/8/2024 18:05,7,7.9,7
18/8/2024 18:10,7.3,7.7,7.3
18/8/2024 18:15,7.3,7.6,7.3
18/8/2024 18:20,7.2,7.6,7.2
18/8/2024 18:25,7.2,7.6,7.2
18/8/2024 18:30,7.3,7.7,7.3
18/8/2024 18:35,7.3,7.6,7.3
18/8/2024 18:40,7.4,7.7,7.4
18/8/2024 18:45,7.5,7.7,7.5
18/8/2024 18:50,7.3,7.7,7.3
18/8/2024 18:55,7.1,7.7,7.1
18/8/2024 19:00,7.2,7.8,7.2
18/8/2024 19:05,7.4,7.7,7.4
18/8/2024 19:10,7.5,7.8,7.5
18/8/2024 19:15,7.5,7.6,7.5
18/8/2024 19:20,7,7.7,7
18/8/2024 19:25,7.4,7.6,7.4
18/8/2024 19:30,7.5,7.6,7.5
18/8/2024 19:35,7.5,7.6,7.5
18/8/2024 19:40,7.6,7.7,7.6
18/8/2024 19:45,7.5,7.7,7.5
18/8/2024 19:50,7.4,7.7,7.4
18/8/2024 19:55,7.4,7.6,7.4
18/8/2024 20:00,7.3,7.7,7.3
18/8/2024 20:05,7.5,7.6,7.5
18/8/2024 20:10,7.5,7.7,7.5
18/8/2024 20:15,7.5,7.7,7.5
18/8/2024 20:20,7.6,7.7,7.6
18/8/2024 20:25,7.5,7.7,7.5
18/8/2024 20:30,7.6,7.7,7.6
18/8/2024 20:35,7.5,7.6,7.5
18/8/2024 20:40,7.6,7.7,7.6
18/8/2024 20:45,7.5,7.7,7.5
18/8/2024 20:50,7.5,7.7,7.5
18/8/2024 20:55,7.6,7.7,7.6
18/8/2024 21:00,7.3,7.6,7.3
18/8/2024 21:05,7.3,7.8,7.3
18/8/2024 21:10,7.2,7.7,7.2
18/8/2024 21:15,7.4,7.6,7.4
18/8/2024 21:20,7.2,7.8,7.2
18/8/2024 21:25,7.5,7.6,7.5
18/8/2024 21:30,7.6,7.7,7.6
18/8/2024 21:35,7.5,7.7,7.5
18/8/2024 21:40,7.5,7.7,7.5
18/8/2024 21:45,7.5,7.7,7.5
18/8/2024 21:50,7.5,7.8,7.5
18/8/2024 21:55,7.4,7.7,7.4
18/8/2024 22:00,7.5,7.7,7.5
18/8/2024 22:05,7.6,7.7,7.6
18/8/2024 22:10,7.4,7.6,7.4
18/8/2024 22:15,7.5,7.6,7.5
18/8/2024 22:20,7.5,7.7,7.5
18/8/2024 22:25,7.5,7.9,7.5
18/8/2024 22:30,7.4,7.8,7.4
18/8/2024 22:35,7.6,7.8,7.6
18/8/2024 22:40,7.3,7.8,7.3
18/8/2024 22:45,7.6,7.9,7.6
18/8/2024 22:50,7.6,7.8,7.6
18/8/2024 22:55,7.6,7.8,7.6
18/8/2024 23:00,7.6,7.8,7.6
18/8/2024 23:05,7.6,7.8,7.6
18/8/2024 23:10,7.3,7.8,7.3
18/8/2024 23:15,7.1,8,7.1
18/8/2024 23:20,7.2,7.9,7.2
18/8/2024 23:25,7.6,7.8,7.6
18/8/2024 23:30,7.7,7.8,7.7
18/8/2024 23:35,7.6,7.8,7.6
18/8/2024 23:40,7.6,7.8,7.6
18/8/2024 23:45,7.7,7.9,7.7
18/8/2024 23:50,7.6,7.9,7.6
18/8/2024 23:55,7.5,7.8,7.5
19/8/2024 0:00,7.6,7.8,7.6
19/8/2024 0:05,7.6,7.8,7.6
19/8/2024 0:10,7.1,8.3,7.1
19/8/2024 0:15,7.3,8.1,7.3
19/8/2024 0:20,7.3,7.8,7.3
19/8/2024 0:25,7.6,7.9,7.6
19/8/2024 0:30,7.6,7.8,7.6
19/8/2024 0:35,7.6,7.8,7.6
19/8/2024 0:40,7.6,7.8,7.6
19/8/2024 0:45,7.6,7.8,7.6
19/8/2024 0:50,7.6,7.8,7.6
19/8/2024 0:55,7.6,7.8,7.6
19/8/2024 1:00,7.5,7.8,7.5
19/8/2024 1:05,7.5,7.8,7.5
19/8/2024 1:10,7.6,7.8,7.6
19/8/2024 1:15,6.9,7.9,6.9
19/8/2024 1:20,7.7,7.8,7.7
19/8/2024 1:25,7.7,7.9,7.7
19/8/2024 1:30,7.7,7.9,7.7
19/8/2024 1:35,7.7,7.8,7.7
19/8/2024 1:40,7.7,7.8,7.7
19/8/2024 1:45,7.6,7.8,7.6
19/8/2024 1:50,7.6,7.8,7.6
19/8/2024 1:55,7.6,7.8,7.6
19/8/2024 2:00,7.6,7.8,7.6
19/8/2024 2:05,7.7,7.9,7.7
19/8/2024 2:10,7.7,7.8,7.7
19/8/2024 2:15,7.6,7.8,7.6
19/8/2024 2:20,7.7,7.8,7.7
19/8/2024 2:25,7.7,7.8,7.7
19/8/2024 2:30,7.6,7.9,7.6
19/8/2024 2:35,7.7,7.8,7.7
19/8/2024 2:40,7.7,7.8,7.7
19/8/2024 2:45,7.6,7.7,7.6
19/8/2024 2:50,7.6,7.7,7.6
19/8/2024 2:55,7.6,7.7,7.6
19/8/2024 3:00,7.5,7.7,7.5
19/8/2024 3:05,7.5,7.7,7.5
19/8/2024 3:10,7.5,7.7,7.5
19/8/2024 3:15,7.5,7.7,7.5
19/8/2024 3:20,7.5,7.6,7.5
19/8/2024 3:25,7.5,7.6,7.5
19/8/2024 3:30,7.5,7.6,7.5
19/8/2024 3:35,7.5,7.6,7.5
19/8/2024 3:40,7.5,7.6,7.5
19/8/2024 3:45,7.5,7.6,7.5
19/8/2024 3:50,7.4,7.6,7.4
19/8/2024 3:55,7.4,7.6,7.4
19/8/2024 4:00,7.4,7.6,7.4
19/8/2024 4:05,7.4,7.5,7.4
19/8/2024 4:10,7.4,7.5,7.4
19/8/2024 4:15,7.4,7.6,7.4
19/8/2024 4:20,7.4,7.5,7.4
19/8/2024 4:25,7.3,7.5,7.3
19/8/2024 4:30,7.3,7.6,7.3
19/8/2024 4:35,7.4,7.5,7.4
19/8/2024 4:40,7.4,7.5,7.4
19/8/2024 4:45,7.4,7.5,7.4
19/8/2024 4:50,7.3,7.5,7.3
19/8/2024 4:55,7.2,7.4,7.2
19/8/2024 5:00,7.4,7.5,7.4
19/8/2024 5:05,7.4,7.4,7.4
19/8/2024 5:10,7.3,7.5,7.3
19/8/2024 5:15,7.4,7.5,7.4
19/8/2024 5:20,7.4,7.5,7.4
19/8/2024 5:25,7.4,7.5,7.4
19/8/2024 5:30,7.4,7.5,7.4
19/8/2024 5:35,7.3,7.5,7.3
19/8/2024 5:40,7.3,7.4,7.3
19/8/2024 5:45,7.3,7.4,7.3
19/8/2024 5:50,7.3,7.4,7.3
19/8/2024 5:55,7.3,7.4,7.3
19/8/2024 6:00,7.3,7.4,7.3
19/8/2024 6:05,7.3,7.4,7.3
19/8/2024 6:10,7.3,7.4,7.3
19/8/2024 6:15,7.3,7.4,7.3
19/8/2024 6:20,7.3,7.4,7.3
19/8/2024 6:25,7.3,7.4,7.3
19/8/2024 6:30,7.3,7.4,7.3
19/8/2024 6:35,7.3,7.4,7.3
19/8/2024 6:40,7.3,7.4,7.3
19/8/2024 6:45,7.3,7.4,7.3
19/8/2024 6:50,7.3,7.4,7.3
19/8/2024 6:55,7.3,7.4,7.3
19/8/2024 7:00,7.3,7.4,7.3
19/8/2024 7:05,7.3,7.4,7.3
19/8/2024 7:10,7.3,7.5,7.3
19/8/2024 7:15,7.4,7.4,7.4
19/8/2024 7:20,7.3,7.4,7.3
19/8/2024 7:25,7.4,7.5,7.4
19/8/2024 7:30,7.3,7.4,7.3
19/8/2024 7:35,7.3,7.4,7.3
19/8/2024 7:40,7.3,7.4,7.3
19/8/2024 7:45,7.3,7.4,7.3
19/8/2024 7:50,7.3,7.4,7.3
19/8/2024 7:55,7.3,7.4,7.3
19/8/2024 8:00,7.3,7.4,7.3
19/8/2024 8:05,7.2,7.4,7.2
19/8/2024 8:10,7.2,7.3,7.2
19/8/2024 8:15,7.2,7.3,7.2
19/8/2024 8:20,7.2,7.3,7.2
19/8/2024 8:25,7.2,7.3,7.2
19/8/2024 8:30,7.2,7.3,7.2
19/8/2024 8:35,7.2,7.3,7.2
19/8/2024 8:40,7,7.3,7
19/8/2024 8:45,7,7.3,7
19/8/2024 8:50,7.1,7.1,7.1
19/8/2024 8:55,7,7.3,7
19/8/2024 9:00,7,7.2,7
19/8/2024 9:05,7,7.2,7
19/8/2024 9:10,7,7.1,7
19/8/2024 9:15,7,7.1,7
19/8/2024 9:20,7,7.1,7
19/8/2024 9:25,6.8,7.1,6.8
19/8/2024 9:30,6.7,7.2,6.7
19/8/2024 9:35,6.9,7.2,6.9
19/8/2024 9:40,6.8,6.9,6.8
19/8/2024 9:45,6.7,7,6.7
19/8/2024 9:50,6.8,7,6.8
19/8/2024 9:55,6.8,6.9,6.8
19/8/2024 10:00,6.8,6.8,6.8
19/8/2024 10:05,6.7,6.9,6.7
19/8/2024 10:10,6.7,6.9,6.7
19/8/2024 10:15,6.7,6.9,6.7
19/8/2024 10:20,6.6,7,6.6
19/8/2024 10:25,6.6,6.8,6.6
19/8/2024 10:30,6.7,7.2,6.7
19/8/2024 10:35,6.8,7.3,6.8
19/8/2024 10:40,6.6,6.8,6.6
19/8/2024 10:45,6.7,7.1,6.7
19/8/2024 10:50,6.6,7,6.6
19/8/2024 10:55,6.6,7.3,6.6
19/8/2024 11:00,6.7,6.9,6.7
19/8/2024 11:05,6.7,7.3,6.7
19/8/2024 11:10,6.6,6.9,6.6
19/8/2024 11:15,6.5,6.8,6.5
19/8/2024 11:20,6.2,6.7,6.2
19/8/2024 11:25,6.5,6.8,6.5
19/8/2024 11:30,6.2,7.2,6.2
19/8/2024 11:35,5.9,7.4,5.9
19/8/2024 11:40,6.3,7.3,6.3
19/8/2024 11:45,6.2,6.8,6.2
19/8/2024 11:50,6,6.8,6
19/8/2024 11:55,6.2,6.9,6.2
19/8/2024 12:00,6.2,6.9,6.2
19/8/2024 12:05,6.4,6.7,6.4
19/8/2024 12:10,6.5,6.7,6.5
19/8/2024 12:15,6.5,6.8,6.5
19/8/2024 12:20,6.3,6.7,6.3
19/8/2024 12:25,6.5,6.7,6.5
19/8/2024 12:30,6.5,6.7,6.5
19/8/2024 12:35,6.5,6.7,6.5
19/8/2024 12:40,6.4,6.7,6.4
19/8/2024 12:45,6.4,6.6,6.4
19/8/2024 12:50,6.5,6.8,6.5
19/8/2024 12:55,6.6,6.7,6.6
19/8/2024 13:00,6.6,6.7,6.6
19/8/2024 13:05,6.5,6.8,6.5
19/8/2024 13:10,6.5,6.7,6.5
19/8/2024 13:15,6.5,6.8,6.5
19/8/2024 13:20,6.7,6.8,6.7
19/8/2024 13:25,6.6,6.9,6.6
19/8/2024 13:30,6.7,6.8,6.7
19/8/2024 13:35,6.7,6.9,6.7
19/8/2024 13:40,6.7,7.1,6.7
19/8/2024 13:45,6.7,7.3,6.7
19/8/2024 13:50,6.6,7.3,6.6
19/8/2024 13:55,6.7,7.2,6.7
19/8/2024 14:00,6.8,7.3,6.8
19/8/2024 14:05,6.8,7.3,6.8
19/8/2024 14:10,6.9,7.3,6.9
19/8/2024 14:15,7,7.4,7
19/8/2024 14:20,7.1,7.5,7.1
19/8/2024 14:25,7.3,7.5,7.3
19/8/2024 14:30,7.3,7.4,7.3
19/8/2024 14:35,7.3,7.4,7.3
19/8/2024 14:40,7.3,7.5,7.3
19/8/2024 14:45,7.3,7.6,7.3
19/8/2024 14:50,7.3,7.7,7.3
19/8/2024 14:55,7.4,7.6,7.4
19/8/2024 15:00,7.3,7.7,7.3
19/8/2024 15:05,7.4,7.6,7.4
19/8/2024 15:10,7.5,7.7,7.5
19/8/2024 15:15,7.5,7.7,7.5
19/8/2024 15:20,7.5,7.8,7.5
19/8/2024 15:25,7.5,7.7,7.5
19/8/2024 15:30,7.6,7.7,7.6
19/8/2024 15:35,7.6,7.8,7.6
19/8/2024 15:40,7.5,7.9,7.5
19/8/2024 15:45,7.6,7.7,7.6
19/8/2024 15:50,7.7,7.7,7.7
19/8/2024 15:55,7.5,7.7,7.5
19/8/2024 16:00,7.6,7.7,7.6
19/8/2024 16:05,7.6,7.8,7.6
19/8/2024 16:10,7.5,7.7,7.5
19/8/2024 16:15,7.3,7.8,7.3
19/8/2024 16:20,7.2,8,7.2
19/8/2024 16:25,7.2,8,7.2
19/8/2024 16:30,7.2,7.9,7.2
19/8/2024 16:35,6.7,8.5,6.7
19/8/2024 16:40,7.2,8.1,7.2
19/8/2024 16:45,7.7,8.1,7.7
19/8/2024 16:50,7.5,8.2,7.5
19/8/2024 16:55,7.6,8.2,7.6
19/8/2024 17:00,7.4,7.9,7.4
19/8/2024 17:05,7.3,8.2,7.3
19/8/2024 17:10,7.6,8.1,7.6
19/8/2024 17:15,7.7,7.9,7.7
19/8/2024 17:20,7.7,7.9,7.7
19/8/2024 17:25,7.7,7.9,7.7
19/8/2024 17:30,7.7,8,7.7
19/8/2024 17:35,7.7,8.1,7.7
19/8/2024 17:40,7.7,7.9,7.7
19/8/2024 17:45,7.9,7.9,7.9
19/8/2024 17:50,7.8,8,7.8
19/8/2024 17:55,7.8,7.9,7.8
19/8/2024 18:00,7.8,7.9,7.8
19/8/2024 18:05,7.8,8,7.8
19/8/2024 18:10,7.8,8,7.8
19/8/2024 18:15,7.8,8,7.8
19/8/2024 18:20,7.8,7.9,7.8
19/8/2024 18:25,7.8,7.9,7.8
19/8/2024 18:30,7.7,7.9,7.7
19/8/2024 18:35,7.8,7.9,7.8
19/8/2024 18:40,7.8,7.9,7.8
19/8/2024 18:45,7.8,8,7.8
19/8/2024 18:50,7.8,8,7.8
19/8/2024 18:55,7.8,7.9,7.8
19/8/2024 19:00,7.8,7.9,7.8
19/8/2024 19:05,7.8,7.9,7.8
19/8/2024 19:10,7.6,7.9,7.6
19/8/2024 19:15,7.6,7.9,7.6
19/8/2024 19:20,7.7,7.9,7.7
19/8/2024 19:25,7.8,8,7.8
19/8/2024 19:30,7.7,7.9,7.7
19/8/2024 19:35,7.7,7.9,7.7
19/8/2024 19:40,7.7,7.8,7.7
19/8/2024 19:45,7.8,7.9,7.8
19/8/2024 19:50,7.8,7.9,7.8
19/8/2024 19:55,7.8,7.9,7.8
19/8/2024 20:00,7.8,7.9,7.8
19/8/2024 20:05,7.7,7.9,7.7
19/8/2024 20:10,7.9,7.9,7.9
19/8/2024 20:15,7.7,7.9,7.7
19/8/2024 20:20,7.7,7.9,7.7
19/8/2024 20:25,7.8,7.9,7.8
19/8/2024 20:30,7.8,7.9,7.8
19/8/2024 20:35,7.8,8,7.8
19/8/2024 20:40,7.8,7.9,7.8
19/8/2024 20:45,7.9,7.9,7.9
19/8/2024 20:50,7.8,8,7.8
19/8/2024 20:55,7.8,8,7.8
19/8/2024 21:00,7.8,8,7.8
19/8/2024 21:05,7.8,7.9,7.8
19/8/2024 21:10,7.7,7.9,7.7
19/8/2024 21:15,7.7,7.9,7.7
19/8/2024 21:20,7.7,7.9,7.7
19/8/2024 21:25,7.6,7.9,7.6
19/8/2024 21:30,7.5,8,7.5
19/8/2024 21:35,7.8,8,7.8
19/8/2024 21:40,7.6,7.9,7.6
19/8/2024 21:45,7.7,8.2,7.7
19/8/2024 21:50,7.8,8,7.8
19/8/2024 21:55,7.8,8,7.8
19/8/2024 22:00,7.8,8,7.8
19/8/2024 22:05,7.8,8,7.8
19/8/2024 22:10,7.7,8.1,7.7
19/8/2024 22:15,7.7,8.1,7.7
19/8/2024 22:20,7.8,8.1,7.8
19/8/2024 22:25,7.8,8.1,7.8
19/8/2024 22:30,7.9,8.1,7.9
19/8/2024 22:35,7.7,8.1,7.7
19/8/2024 22:40,7.8,8.1,7.8
19/8/2024 22:45,7.7,8.1,7.7
19/8/2024 22:50,7.9,8.2,7.9
19/8/2024 22:55,7.9,8,7.9
19/8/2024 23:00,7.7,8.1,7.7
19/8/2024 23:05,7.9,8,7.9
19/8/2024 23:10,7.8,8.1,7.8
19/8/2024 23:15,7.9,8,7.9
19/8/2024 23:20,7.7,7.9,7.7
19/8/2024 23:25,7.8,7.9,7.8
19/8/2024 23:30,7.8,7.9,7.8
19/8/2024 23:35,7.6,7.9,7.6
19/8/2024 23:40,7.7,7.9,7.7
19/8/2024 23:45,7.8,7.9,7.8
19/8/2024 23:50,7.8,7.9,7.8
19/8/2024 23:55,7.8,7.9,7.8
20/8/2024 0:00,7.7,7.9,7.7
20/8/2024 0:05,7.8,7.9,7.8
20/8/2024 0:10,7.8,8,7.8
20/8/2024 0:15,7.9,8,7.9
20/8/2024 0:20,7.7,8.1,7.7
20/8/2024 0:25,7.9,8.1,7.9
20/8/2024 0:30,7.7,8.1,7.7
20/8/2024 0:35,7.8,8.1,7.8
20/8/2024 0:40,7.9,8.1,7.9
20/8/2024 0:45,7.8,8,7.8
20/8/2024 0:50,7.7,8.1,7.7
20/8/2024 0:55,7.7,7.9,7.7
20/8/2024 1:00,7.7,8.1,7.7
20/8/2024 1:05,7.8,8,7.8
20/8/2024 1:10,7.8,8.1,7.8
20/8/2024 1:15,7.9,8,7.9
20/8/2024 1:20,7.7,8.1,7.7
20/8/2024 1:25,7.7,8.1,7.7
20/8/2024 1:30,7.7,8.2,7.7
20/8/2024 1:35,7.7,8.1,7.7
20/8/2024 1:40,7.7,8.2,7.7
20/8/2024 1:45,7.7,8.1,7.7
20/8/2024 1:50,7.8,8.1,7.8
20/8/2024 1:55,7.8,8.1,7.8
20/8/2024 2:00,7.7,8,7.7
20/8/2024 2:05,7.9,8,7.9
20/8/2024 2:10,7.7,8.2,7.7
20/8/2024 2:15,7.9,7.9,7.9
20/8/2024 2:20,7.6,8.1,7.6
20/8/2024 2:25,7.8,8,7.8
20/8/2024 2:30,7.8,8,7.8
20/8/2024 2:35,7.9,8,7.9
20/8/2024 2:40,7.7,8,7.7
20/8/2024 2:45,7.7,8.1,7.7
20/8/2024 2:50,7.8,8.1,7.8
20/8/2024 2:55,7.7,8,7.7
20/8/2024 3:00,7.8,8,7.8
20/8/2024 3:05,7.8,7.9,7.8
20/8/2024 3:10,7.8,7.9,7.8
20/8/2024 3:15,7.8,7.9,7.8
20/8/2024 3:20,7.7,7.9,7.7
20/8/2024 3:25,7.8,8,7.8
20/8/2024 3:30,7.8,7.9,7.8
20/8/2024 3:35,7.8,7.9,7.8
20/8/2024 3:40,7.7,7.9,7.7
20/8/2024 3:45,7.8,7.9,7.8
20/8/2024 3:50,7.8,7.9,7.8
20/8/2024 3:55,7.7,7.9,7.7
20/8/2024 4:00,7.7,7.9,7.7
20/8/2024 4:05,7.7,7.8,7.7
20/8/2024 4:10,7.7,7.9,7.7
20/8/2024 4:15,7.7,7.9,7.7
20/8/2024 4:20,7.6,7.9,7.6
20/8/2024 4:25,7.6,7.8,7.6
20/8/2024 4:30,7.6,7.8,7.6
20/8/2024 4:35,7.6,7.8,7.6
20/8/2024 4:40,7.6,7.8,7.6
20/8/2024 4:45,7.5,7.8,7.5
20/8/2024 4:50,7.6,7.7,7.6
20/8/2024 4:55,7.5,7.7,7.5
20/8/2024 5:00,7.5,7.8,7.5
20/8/2024 5:05,7.5,7.8,7.5
20/8/2024 5:10,7.6,7.8,7.6
20/8/2024 5:15,7.6,7.8,7.6
20/8/2024 5:20,7.6,7.8,7.6
20/8/2024 5:25,7.6,7.8,7.6
20/8/2024 5:30,7.6,7.7,7.6
20/8/2024 5:35,7.6,7.8,7.6
20/8/2024 5:40,7.7,7.8,7.7
20/8/2024 5:45,7.6,7.7,7.6
20/8/2024 5:50,7.6,7.7,7.6
20/8/2024 5:55,7.6,7.7,7.6
20/8/2024 6:00,7.7,7.8,7.7
20/8/2024 6:05,7.6,7.8,7.6
20/8/2024 6:10,7.7,7.8,7.7
20/8/2024 6:15,7.5,7.7,7.5
20/8/2024 6:20,7.6,7.8,7.6
20/8/2024 6:25,7.6,7.8,7.6
20/8/2024 6:30,7.5,7.8,7.5
20/8/2024 6:35,7.6,7.7,7.6
20/8/2024 6:40,7.6,7.7,7.6
20/8/2024 6:45,7.5,7.8,7.5
20/8/2024 6:50,7.5,7.8,7.5
20/8/2024 6:55,7.6,7.7,7.6
20/8/2024 7:00,7.6,7.7,7.6
20/8/2024 7:05,7.6,7.7,7.6
20/8/2024 7:10,7.6,7.8,7.6
20/8/2024 7:15,7.6,7.8,7.6
20/8/2024 7:20,7.6,7.7,7.6
20/8/2024 7:25,7.5,7.6,7.5
20/8/2024 7:30,7.5,7.7,7.5
20/8/2024 7:35,7.5,7.7,7.5
20/8/2024 7:40,7.5,7.6,7.5
20/8/2024 7:45,7.5,7.7,7.5
20/8/2024 7:50,7.5,7.7,7.5
20/8/2024 7:55,7.5,7.6,7.5
20/8/2024 8:00,7.6,7.6,7.6
20/8/2024 8:05,7.5,7.6,7.5
20/8/2024 8:10,7.5,7.6,7.5
20/8/2024 8:15,7.5,7.6,7.5
20/8/2024 8:20,7.5,7.6,7.5
20/8/2024 8:25,7.5,7.6,7.5
20/8/2024 8:30,7.4,7.5,7.4
20/8/2024 8:35,7.4,7.5,7.4
20/8/2024 8:40,7.4,7.6,7.4
20/8/2024 8:45,7.4,7.6,7.4
20/8/2024 8:50,7.3,7.5,7.3
20/8/2024 8:55,7.4,7.4,7.4
20/8/2024 9:00,7.3,7.5,7.3
20/8/2024 9:05,7.3,7.6,7.3
20/8/2024 9:10,7.4,7.6,7.4
20/8/2024 9:15,7.3,7.5,7.3
20/8/2024 9:20,7.3,7.5,7.3
20/8/2024 9:25,7.3,7.6,7.3
20/8/2024 9:30,7.4,7.5,7.4
20/8/2024 9:35,7.3,7.7,7.3
20/8/2024 9:40,7.3,7.7,7.3
20/8/2024 9:45,7.4,7.6,7.4
20/8/2024 9:50,7.2,7.5,7.2
20/8/2024 9:55,7,7.4,7
20/8/2024 10:00,7.2,7.4,7.2
20/8/2024 10:05,7.3,7.5,7.3
20/8/2024 10:10,7.2,7.3,7.2
20/8/2024 10:15,7.2,7.3,7.2
20/8/2024 10:20,7,7.4,7
20/8/2024 10:25,7.1,7.4,7.1
20/8/2024 10:30,6.9,7.6,6.9
20/8/2024 10:35,7.1,7.4,7.1
20/8/2024 10:40,7,7.4,7
20/8/2024 10:45,7,7.3,7
20/8/2024 10:50,7,7.5,7
20/8/2024 10:55,7,7.3,7
20/8/2024 11:00,7,7.4,7
20/8/2024 11:05,7.1,7.3,7.1
20/8/2024 11:10,6.9,7.2,6.9
20/8/2024 11:15,6.9,7.2,6.9
20/8/2024 11:20,7,7.2,7
20/8/2024 11:25,6.9,7.2,6.9
20/8/2024 11:30,6.8,7.2,6.8
20/8/2024 11:35,6.7,7.2,6.7
20/8/2024 11:40,5.8,7.3,5.8
20/8/2024 11:45,6.8,7.2,6.8
20/8/2024 11:50,6.7,7.2,6.7
20/8/2024 11:55,6.7,7.2,6.7
20/8/2024 12:00,6.7,7.3,6.7
20/8/2024 12:05,6.7,7.2,6.7
20/8/2024 12:10,6.6,7.3,6.6
20/8/2024 12:15,6.6,7.3,6.6
20/8/2024 12:20,6.7,7.3,6.7
20/8/2024 12:25,6.5,7.3,6.5
20/8/2024 12:30,6.4,7.3,6.4
20/8/2024 12:35,6.5,7.3,6.5
20/8/2024 12:40,6.4,7.2,6.4
20/8/2024 12:45,6.5,7.3,6.5
20/8/2024 12:50,6.5,7.4,6.5
20/8/2024 12:55,6.5,7.4,6.5
20/8/2024 13:00,5.7,7.6,5.7
20/8/2024 13:05,6.4,7.7,6.4
20/8/2024 13:10,6.6,7.5,6.6
20/8/2024 13:15,6.5,7.5,6.5
20/8/2024 13:20,6.5,7.5,6.5
20/8/2024 13:25,6.7,7.6,6.7
20/8/2024 13:30,6.6,7.6,6.6
20/8/2024 13:35,6.5,7.5,6.5
20/8/2024 13:40,6.6,7.6,6.6
20/8/2024 13:45,6.7,7.6,6.7
20/8/2024 13:50,6.6,7.6,6.6
20/8/2024 13:55,6.8,7.6,6.8
20/8/2024 14:00,6.8,7.7,6.8
20/8/2024 14:05,6.9,7.6,6.9
20/8/2024 14:10,6.9,7.7,6.9
20/8/2024 14:15,6.9,7.9,6.9
20/8/2024 14:20,6.9,7.8,6.9
20/8/2024 14:25,7,7.9,7
20/8/2024 14:30,6.9,7.9,6.9
20/8/2024 14:35,7.1,7.8,7.1
20/8/2024 14:40,7.2,7.8,7.2
20/8/2024 14:45,7.1,7.9,7.1
20/8/2024 14:50,7.4,7.9,7.4
20/8/2024 14:55,7.5,7.8,7.5
20/8/2024 15:00,7.6,7.8,7.6
20/8/2024 15:05,7.3,7.8,7.3
20/8/2024 15:10,7.6,7.8,7.6
20/8/2024 15:15,7.6,7.7,7.6
20/8/2024 15:20,7.5,7.7,7.5
20/8/2024 15:25,7.4,7.8,7.4
20/8/2024 15:30,7.5,7.8,7.5
20/8/2024 15:35,7.6,7.8,7.6
20/8/2024 15:40,7.5,7.8,7.5
20/8/2024 15:45,7.3,7.8,7.3
20/8/2024 15:50,7.6,7.8,7.6
20/8/2024 15:55,7.6,7.8,7.6
20/8/2024 16:00,7.7,7.8,7.7
20/8/2024 16:05,7.6,7.9,7.6
20/8/2024 16:10,7.6,7.8,7.6
20/8/2024 16:15,7.4,7.9,7.4
20/8/2024 16:20,7.5,7.9,7.5
20/8/2024 16:25,7.6,7.9,7.6
20/8/2024 16:30,7.6,7.9,7.6
20/8/2024 16:35,7.7,7.9,7.7
20/8/2024 16:40,7.7,7.9,7.7
20/8/2024 16:45,7.7,7.9,7.7
20/8/2024 16:50,7.7,7.9,7.7
20/8/2024 16:55,7.7,7.9,7.7
20/8/2024 17:00,7.5,7.9,7.5
20/8/2024 17:05,7.3,7.9,7.3
20/8/2024 17:10,7.5,8,7.5
20/8/2024 17:15,7.2,8.3,7.2
20/8/2024 17:20,7.3,8,7.3
20/8/2024 17:25,7.3,7.9,7.3
20/8/2024 17:30,7.3,8.2,7.3
20/8/2024 17:35,7.2,8.1,7.2
20/8/2024 17:40,7.2,8.3,7.2
20/8/2024 17:45,7.3,8.4,7.3
20/8/2024 17:50,6.7,8.4,6.7
20/8/2024 17:55,7.2,8.3,7.2
20/8/2024 18:00,7,8.5,7
20/8/2024 18:05,6.9,8.5,6.9
20/8/2024 18:10,7.2,8.4,7.2
20/8/2024 18:15,7.3,8.2,7.3
20/8/2024 18:20,7.4,8.2,7.4
20/8/2024 18:25,7.7,8.2,7.7
20/8/2024 18:30,7.7,8.2,7.7
20/8/2024 18:35,7.7,8.2,7.7
20/8/2024 18:40,7.7,8.2,7.7
20/8/2024 18:45,7.6,8.4,7.6
20/8/2024 18:50,7.6,8.2,7.6
20/8/2024 18:55,7.6,8.3,7.6
20/8/2024 19:00,7.6,8.1,7.6
20/8/2024 19:05,7.8,8.3,7.8
20/8/2024 19:10,7.7,8.2,7.7
20/8/2024 19:15,7.7,8.1,7.7
20/8/2024 19:20,7.7,8.2,7.7
20/8/2024 19:25,7.6,8.2,7.6
20/8/2024 19:30,7.7,8.2,7.7
20/8/2024 19:35,7.8,8,7.8
20/8/2024 19:40,7.7,8.2,7.7
20/8/2024 19:45,7.7,8.2,7.7
20/8/2024 19:50,7.9,8.1,7.9
20/8/2024 19:55,7.8,8.1,7.8
20/8/2024 20:00,7.7,8.2,7.7
20/8/2024 20:05,7.8,8.2,7.8
20/8/2024 20:10,7.7,8.1,7.7
20/8/2024 20:15,7.7,8,7.7
20/8/2024 20:20,7.7,8.2,7.7
20/8/2024 20:25,7.7,8.2,7.7
20/8/2024 20:30,7.7,8.1,7.7
20/8/2024 20:35,7.8,8,7.8
20/8/2024 20:40,7.8,8.2,7.8
20/8/2024 20:45,7.7,8.2,7.7
20/8/2024 20:50,7.7,8,7.7
20/8/2024 20:55,7.8,8.2,7.8
20/8/2024 21:00,7.8,8,7.8
20/8/2024 21:05,7.6,8.1,7.6
20/8/2024 21:10,7.6,7.9,7.6
20/8/2024 21:15,7.6,7.9,7.6
20/8/2024 21:20,7.7,7.9,7.7
20/8/2024 21:25,7.7,7.9,7.7
20/8/2024 21:30,7.7,7.9,7.7
20/8/2024 21:35,7.7,8.2,7.7
20/8/2024 21:40,7.8,7.9,7.8
20/8/2024 21:45,7.8,8.1,7.8
20/8/2024 21:50,7.7,7.9,7.7
20/8/2024 21:55,7.7,7.9,7.7
20/8/2024 22:00,7.8,8,7.8
20/8/2024 22:05,7.8,8.1,7.8
20/8/2024 22:10,7.7,8.2,7.7
20/8/2024 22:15,7.7,7.9,7.7
20/8/2024 22:20,7.8,7.9,7.8
20/8/2024 22:25,7.8,8,7.8
20/8/2024 22:30,7.7,8.1,7.7
20/8/2024 22:35,7.7,8.1,7.7
20/8/2024 22:40,7.8,8.1,7.8
20/8/2024 22:45,7.6,8.3,7.6
20/8/2024 22:50,7.8,7.9,7.8
20/8/2024 22:55,7.7,7.9,7.7
20/8/2024 23:00,7.7,7.9,7.7
20/8/2024 23:05,7.6,7.9,7.6
20/8/2024 23:10,7.6,7.8,7.6
20/8/2024 23:15,7.6,7.9,7.6
20/8/2024 23:20,7.7,7.8,7.7
20/8/2024 23:25,7.7,7.8,7.7
20/8/2024 23:30,7.7,7.9,7.7
20/8/2024 23:35,7.8,7.9,7.8
20/8/2024 23:40,7.8,7.8,7.8
20/8/2024 23:45,7.7,7.9,7.7
20/8/2024 23:50,7.6,7.9,7.6
20/8/2024 23:55,7.6,8,7.6
21/8/2024 0:00,7.8,7.9,7.8
21/8/2024 0:05,7.7,7.9,7.7
21/8/2024 0:10,7.7,7.9,7.7
21/8/2024 0:15,7.8,7.9,7.8
21/8/2024 0:20,7.8,7.9,7.8
21/8/2024 0:25,7.7,7.9,7.7
21/8/2024 0:30,7.8,7.9,7.8
21/8/2024 0:35,7.7,7.9,7.7
21/8/2024 0:40,7.7,7.9,7.7
21/8/2024 0:45,7.8,8.1,7.8
21/8/2024 0:50,7.7,8.1,7.7
21/8/2024 0:55,7.9,8.1,7.9
21/8/2024 1:00,7.7,8.1,7.7
21/8/2024 1:05,7.9,8,7.9
21/8/2024 1:10,7.8,8.1,7.8
21/8/2024 1:15,7.7,8.1,7.7
21/8/2024 1:20,7.9,8.1,7.9
21/8/2024 1:25,7.9,8,7.9
21/8/2024 1:30,7.7,8.1,7.7
21/8/2024 1:35,7.7,8.1,7.7
21/8/2024 1:40,7.7,8.1,7.7
21/8/2024 1:45,7.7,8.2,7.7
21/8/2024 1:50,7.7,8.2,7.7
21/8/2024 1:55,7.7,8.1,7.7
21/8/2024 2:00,7.9,8.1,7.9
21/8/2024 2:05,7.7,8.3,7.7
21/8/2024 2:10,7.8,8.1,7.8
21/8/2024 2:15,7.7,8.2,7.7
21/8/2024 2:20,7.6,8.3,7.6
21/8/2024 2:25,7.7,8.2,7.7
21/8/2024 2:30,7.7,8.2,7.7
21/8/2024 2:35,7.7,8.1,7.7
21/8/2024 2:40,7.6,8.1,7.6
21/8/2024 2:45,7.6,8.1,7.6
21/8/2024 2:50,7.8,8,7.8
21/8/2024 2:55,7.8,8,7.8
21/8/2024 3:00,7.7,8,7.7
21/8/2024 3:05,7.8,8,7.8
21/8/2024 3:10,7.7,7.9,7.7
21/8/2024 3:15,7.8,7.9,7.8
21/8/2024 3:20,7.8,7.9,7.8
21/8/2024 3:25,7.7,7.9,7.7
21/8/2024 3:30,7.8,7.9,7.8
21/8/2024 3:35,7.7,7.9,7.7
21/8/2024 3:40,7.7,8,7.7
21/8/2024 3:45,7.7,7.9,7.7
21/8/2024 3:50,7.6,7.8,7.6
21/8/2024 3:55,7.6,7.8,7.6
21/8/2024 4:00,7.5,7.7,7.5
21/8/2024 4:05,7.6,7.7,7.6
21/8/2024 4:10,7.5,7.7,7.5
21/8/2024 4:15,7.5,7.8,7.5
21/8/2024 4:20,7.5,7.7,7.5
21/8/2024 4:25,7.5,7.7,7.5
21/8/2024 4:30,7.5,7.7,7.5
21/8/2024 4:35,7.5,7.7,7.5
21/8/2024 4:40,7.5,7.7,7.5
21/8/2024 4:45,7.5,7.7,7.5
21/8/2024 4:50,7.5,7.6,7.5
21/8/2024 4:55,7.5,7.6,7.5
21/8/2024 5:00,7.5,7.6,7.5
21/8/2024 5:05,7.5,7.6,7.5
21/8/2024 5:10,7.4,7.6,7.4
21/8/2024 5:15,7.5,7.6,7.5
21/8/2024 5:20,7.5,7.6,7.5
21/8/2024 5:25,7.4,7.6,7.4
21/8/2024 5:30,7.5,7.6,7.5
21/8/2024 5:35,7.4,7.7,7.4
21/8/2024 5:40,7.4,7.6,7.4
21/8/2024 5:45,7.5,7.7,7.5
21/8/2024 5:50,7.5,7.7,7.5
21/8/2024 5:55,7.5,7.7,7.5
21/8/2024 6:00,7.5,7.6,7.5
21/8/2024 6:05,7.5,7.6,7.5
21/8/2024 6:10,7.5,7.6,7.5
21/8/2024 6:15,7.4,7.6,7.4
21/8/2024 6:20,7.5,7.6,7.5
21/8/2024 6:25,7.5,7.6,7.5
21/8/2024 6:30,7.4,7.6,7.4
21/8/2024 6:35,7.5,7.6,7.5
21/8/2024 6:40,7.4,7.5,7.4
21/8/2024 6:45,7.4,7.6,7.4
21/8/2024 6:50,7.5,7.6,7.5
21/8/2024 6:55,7.5,7.6,7.5
21/8/2024 7:00,7.5,7.6,7.5
21/8/2024 7:05,7.5,7.6,7.5
21/8/2024 7:10,7.5,7.7,7.5
21/8/2024 7:15,7.4,7.6,7.4
21/8/2024 7:20,7.5,7.6,7.5
21/8/2024 7:25,7.5,7.6,7.5
21/8/2024 7:30,7.5,7.6,7.5
21/8/2024 7:35,7.5,7.6,7.5
21/8/2024 7:40,7.5,7.6,7.5
21/8/2024 7:45,7.4,7.5,7.4
21/8/2024 7:50,7.5,7.6,7.5
21/8/2024 7:55,7.5,7.6,7.5
21/8/2024 8:00,7.4,7.6,7.4
21/8/2024 8:05,7.4,7.5,7.4
21/8/2024 8:10,7.4,7.6,7.4
21/8/2024 8:15,7.4,7.5,7.4
21/8/2024 8:20,7.4,7.6,7.4
21/8/2024 8:25,7.4,7.5,7.4
21/8/2024 8:30,7.3,7.5,7.3
21/8/2024 8:35,7.4,7.5,7.4
21/8/2024 8:40,7.4,7.6,7.4
21/8/2024 8:45,7.4,7.6,7.4
21/8/2024 8:50,7.1,7.6,7.1
21/8/2024 8:55,7.4,7.5,7.4
21/8/2024 9:00,7,7.5,7
21/8/2024 9:05,7.4,7.5,7.4
21/8/2024 9:10,6.9,7.5,6.9
21/8/2024 9:15,6.8,7.6,6.8
21/8/2024 9:20,6.8,7.6,6.8
21/8/2024 9:25,7,7.6,7
21/8/2024 9:30,7,7.5,7
21/8/2024 9:35,6.9,7.6,6.9
21/8/2024 9:40,6.9,7.5,6.9
21/8/2024 9:45,6.9,7.5,6.9
21/8/2024 9:50,6.9,7.5,6.9
21/8/2024 9:55,6.8,7.5,6.8
21/8/2024 10:00,6.9,7.4,6.9
21/8/2024 10:05,6.7,7.5,6.7
21/8/2024 10:10,7,7.4,7
21/8/2024 10:15,7,7.4,7
21/8/2024 10:20,7,7.4,7
21/8/2024 10:25,7,7.2,7
21/8/2024 10:30,6.8,7.2,6.8
21/8/2024 10:35,6.8,7.4,6.8
21/8/2024 10:40,6.8,7.4,6.8
21/8/2024 10:45,6.8,7.2,6.8
21/8/2024 10:50,6.8,7.2,6.8
21/8/2024 10:55,6.9,7.2,6.9
21/8/2024 11:00,6.7,7.2,6.7
21/8/2024 11:05,6.8,7.2,6.8
21/8/2024 11:10,6.7,7.2,6.7
21/8/2024 11:15,6.7,7.3,6.7
21/8/2024 11:20,6.7,7.2,6.7
21/8/2024 11:25,6.7,7.4,6.7
21/8/2024 11:30,6.6,7.2,6.6
21/8/2024 11:35,6.7,7.3,6.7
21/8/2024 11:40,6.7,7.2,6.7
21/8/2024 11:45,6.7,7.1,6.7
21/8/2024 11:50,6.7,7.4,6.7
21/8/2024 11:55,6.5,7,6.5
21/8/2024 12:00,6.7,6.8,6.7
21/8/2024 12:05,6.1,7.2,6.1
21/8/2024 12:10,5.9,7.3,5.9
21/8/2024 12:15,5.9,7.6,5.9
21/8/2024 12:20,6.2,7.1,6.2
21/8/2024 12:25,5.9,7.1,5.9
21/8/2024 12:30,5.4,7.4,5.4
21/8/2024 12:35,6.2,7.6,6.2
21/8/2024 12:40,6.1,6.8,6.1
21/8/2024 12:45,6.3,6.8,6.3
21/8/2024 12:50,6.3,7,6.3
21/8/2024 12:55,6.6,7,6.6
21/8/2024 13:00,6.6,7.3,6.6
21/8/2024 13:05,6.3,7.2,6.3
21/8/2024 13:10,6.4,7,6.4
21/8/2024 13:15,6.6,7.3,6.6
21/8/2024 13:20,6.8,7.2,6.8
21/8/2024 13:25,6.6,7.4,6.6
21/8/2024 13:30,6.7,7.2,6.7
21/8/2024 13:35,6.7,7.3,6.7
21/8/2024 13:40,6.7,7.3,6.7
21/8/2024 13:45,6.8,7.2,6.8
21/8/2024 13:50,6.7,7.3,6.7
21/8/2024 13:55,6.7,7.4,6.7
21/8/2024 14:00,6.8,7.4,6.8
21/8/2024 14:05,6.9,7.5,6.9
21/8/2024 14:10,6.9,7.5,6.9
21/8/2024 14:15,7.1,7.5,7.1
21/8/2024 14:20,7.4,7.5,7.4
21/8/2024 14:25,7.4,7.5,7.4
21/8/2024 14:30,7.4,7.6,7.4
21/8/2024 14:35,7.4,7.6,7.4
21/8/2024 14:40,7.4,7.6,7.4
21/8/2024 14:45,7.5,7.6,7.5
21/8/2024 14:50,7.4,7.7,7.4
21/8/2024 14:55,7.6,7.8,7.6
21/8/2024 15:00,7.4,7.8,7.4
21/8/2024 15:05,7.6,7.8,7.6
21/8/2024 15:10,7.6,7.7,7.6
21/8/2024 15:15,7.6,7.8,7.6
21/8/2024 15:20,7.5,7.8,7.5
21/8/2024 15:25,7.6,7.9,7.6
21/8/2024 15:30,7.7,8.1,7.7
21/8/2024 15:35,7.6,7.9,7.6
21/8/2024 15:40,7.6,7.9,7.6
21/8/2024 15:45,7.7,7.9,7.7
21/8/2024 15:50,7.4,7.9,7.4
21/8/2024 15:55,7.7,7.9,7.7
21/8/2024 16:00,7.8,7.9,7.8
21/8/2024 16:05,7.4,7.9,7.4
21/8/2024 16:10,7.5,7.9,7.5
21/8/2024 16:15,7.4,8,7.4
21/8/2024 16:20,7.5,8,7.5
21/8/2024 16:25,7.4,7.9,7.4
21/8/2024 16:30,7.4,8.1,7.4
21/8/2024 16:35,7.6,7.9,7.6
21/8/2024 16:40,7.4,8,7.4
21/8/2024 16:45,7.4,7.8,7.4
21/8/2024 16:50,7.4,8,7.4
21/8/2024 16:55,7.4,8,7.4
21/8/2024 17:00,7.2,7.8,7.2
21/8/2024 17:05,7,7.9,7
21/8/2024 17:10,7.2,7.9,7.2
21/8/2024 17:15,7.2,8,7.2
21/8/2024 17:20,7.2,8,7.2
21/8/2024 17:25,7.3,7.8,7.3
21/8/2024 17:30,7.2,7.9,7.2
21/8/2024 17:35,7.5,7.8,7.5
21/8/2024 17:40,7.5,7.7,7.5
21/8/2024 17:45,7.4,7.8,7.4
21/8/2024 17:50,7.4,7.8,7.4
21/8/2024 17:55,7.6,7.9,7.6
21/8/2024 18:00,7.6,7.9,7.6
21/8/2024 18:05,7.6,7.8,7.6
21/8/2024 18:10,7.7,8,7.7
21/8/2024 18:15,7.5,7.8,7.5
21/8/2024 18:20,7.5,7.8,7.5
21/8/2024 18:25,7.5,7.8,7.5
21/8/2024 18:30,7.7,7.8,7.7
21/8/2024 18:35,7.6,7.8,7.6
21/8/2024 18:40,7.6,7.9,7.6
21/8/2024 18:45,7.7,7.9,7.7
21/8/2024 18:50,7.7,7.8,7.7
21/8/2024 18:55,7.7,7.9,7.7
21/8/2024 19:00,7.7,7.8,7.7
21/8/2024 19:05,7.7,7.8,7.7
21/8/2024 19:10,7.8,7.9,7.8
21/8/2024 19:15,7.7,7.9,7.7
21/8/2024 19:20,7.7,7.9,7.7
21/8/2024 19:25,7.6,7.7,7.6
21/8/2024 19:30,7.5,7.8,7.5
21/8/2024 19:35,7.7,7.7,7.7
21/8/2024 19:40,7.7,7.8,7.7
21/8/2024 19:45,7.6,7.8,7.6
21/8/2024 19:50,7.6,7.8,7.6
21/8/2024 19:55,7.7,7.8,7.7
21/8/2024 20:00,7.6,8,7.6
21/8/2024 20:05,7.7,8,7.7
21/8/2024 20:10,7.8,7.9,7.8
21/8/2024 20:15,7.7,7.8,7.7
21/8/2024 20:20,7.7,7.9,7.7
21/8/2024 20:25,7.7,7.9,7.7
21/8/2024 20:30,7.8,7.9,7.8
21/8/2024 20:35,7.8,7.9,7.8
21/8/2024 20:40,7.8,7.9,7.8
21/8/2024 20:45,7.8,7.9,7.8
21/8/2024 20:50,7.8,7.9,7.8
21/8/2024 20:55,7.8,7.9,7.8
21/8/2024 21:00,7.8,7.9,7.8
21/8/2024 21:05,7.7,7.9,7.7
21/8/2024 21:10,7.7,7.9,7.7
21/8/2024 21:15,7.7,7.8,7.7
21/8/2024 21:20,7.7,7.9,7.7
21/8/2024 21:25,7.7,7.9,7.7
21/8/2024 21:30,7.8,7.9,7.8
21/8/2024 21:35,7.7,7.9,7.7
21/8/2024 21:40,7.8,7.9,7.8
21/8/2024 21:45,7.9,8,7.9
21/8/2024 21:50,7.9,8,7.9
21/8/2024 21:55,7.9,8,7.9
21/8/2024 22:00,7.9,8,7.9
21/8/2024 22:05,7.8,7.9,7.8
21/8/2024 22:10,7.8,7.9,7.8
21/8/2024 22:15,7.8,7.9,7.8
21/8/2024 22:20,7.8,7.9,7.8
21/8/2024 22:25,7.7,7.9,7.7
21/8/2024 22:30,7.8,7.9,7.8
21/8/2024 22:35,7.7,7.9,7.7
21/8/2024 22:40,7.7,7.8,7.7
21/8/2024 22:45,7.8,7.8,7.8
21/8/2024 22:50,7.7,7.9,7.7
21/8/2024 22:55,7.7,7.9,7.7
21/8/2024 23:00,7.7,7.8,7.7
21/8/2024 23:05,7.7,7.8,7.7
21/8/2024 23:10,7.8,7.8,7.8
21/8/2024 23:15,7.8,7.8,7.8
21/8/2024 23:20,7.7,7.9,7.7
21/8/2024 23:25,7.7,7.9,7.7
21/8/2024 23:30,7.7,7.9,7.7
21/8/2024 23:35,7.8,7.9,7.8
21/8/2024 23:40,7.8,7.8,7.8
21/8/2024 23:45,7.7,7.9,7.7
21/8/2024 23:50,7.8,7.9,7.8
21/8/2024 23:55,7.8,7.9,7.8
22/8/2024 0:00,7.8,7.9,7.8
22/8/2024 0:05,7.8,7.9,7.8
22/8/2024 0:10,7.8,7.9,7.8
22/8/2024 0:15,7.8,7.9,7.8
22/8/2024 0:20,7.8,7.9,7.8
22/8/2024 0:25,7.8,7.9,7.8
22/8/2024 0:30,7.8,7.9,7.8
22/8/2024 0:35,7.8,8.1,7.8
22/8/2024 0:40,7.8,7.8,7.8
22/8/2024 0:45,7.8,7.9,7.8
22/8/2024 0:50,7.6,9.6,7.6
22/8/2024 0:55,7.6,7.8,7.6
22/8/2024 1:00,7.5,7.7,7.5
22/8/2024 1:05,4.7,10,4.7
22/8/2024 1:10,7.3,7.5,7.3
22/8/2024 1:15,7.2,7.6,7.2
22/8/2024 1:20,7.4,7.6,7.4
22/8/2024 1:25,-5,8.2,-5
22/8/2024 1:30,8.1,8.3,8.1
22/8/2024 1:35,8.1,8.3,8.1
22/8/2024 1:40,8.1,8.3,8.1
22/8/2024 1:45,8.1,8.2,8.1
22/8/2024 1:50,8,8.1,8
22/8/2024 1:55,8,8.1,8
22/8/2024 2:00,8,8.1,8
22/8/2024 2:05,8,9.9,8
22/8/2024 2:10,8.3,8.4,8.3
22/8/2024 2:15,7.9,8.4,7.9
22/8/2024 2:20,8.3,8.4,8.3
22/8/2024 2:25,7.9,8.4,7.9
22/8/2024 2:30,8.3,8.4,8.3
22/8/2024 2:35,8.3,8.5,8.3
22/8/2024 2:40,5.8,9.9,5.8
22/8/2024 2:45,6.8,8.1,6.8
22/8/2024 2:50,8,8.1,8
22/8/2024 2:55,-5,10.4,-5
22/8/2024 3:00,7.5,7.6,7.5
22/8/2024 3:05,7.5,7.6,7.5
22/8/2024 3:10,7.4,7.6,7.4
22/8/2024 3:15,7.5,7.6,7.5
22/8/2024 3:20,7.4,7.5,7.4
22/8/2024 3:25,7.4,7.6,7.4
22/8/2024 3:30,7.4,7.6,7.4
22/8/2024 3:35,7.3,7.6,7.3
22/8/2024 3:40,7.3,7.6,7.3
22/8/2024 3:45,7.4,7.6,7.4
22/8/2024 3:50,7.4,7.6,7.4
22/8/2024 3:55,7.3,7.6,7.3
22/8/2024 4:00,7.4,7.5,7.4
22/8/2024 4:05,7.3,7.6,7.3
22/8/2024 4:10,7.4,7.5,7.4
22/8/2024 4:15,7.3,7.6,7.3
22/8/2024 4:20,7.4,7.5,7.4
22/8/2024 4:25,7.4,7.6,7.4
22/8/2024 4:30,7.4,7.6,7.4
22/8/2024 4:35,7.3,7.5,7.3
22/8/2024 4:40,7.4,7.5,7.4
22/8/2024 4:45,7.4,7.6,7.4
22/8/2024 4:50,7.3,7.5,7.3
22/8/2024 4:55,7.3,7.5,7.3
22/8/2024 5:00,7.4,7.5,7.4
22/8/2024 5:05,7.4,7.5,7.4
22/8/2024 5:10,7.4,7.6,7.4
22/8/2024 5:15,7.4,7.6,7.4
22/8/2024 5:20,7.3,7.5,7.3
22/8/2024 5:25,7.3,7.6,7.3
22/8/2024 5:30,7.2,7.6,7.2
22/8/2024 5:35,7.4,7.6,7.4
22/8/2024 5:40,7.4,7.5,7.4
22/8/2024 5:45,7.4,7.5,7.4
22/8/2024 5:50,7.4,7.5,7.4
22/8/2024 5:55,7.4,7.5,7.4
22/8/2024 6:00,7.3,7.6,7.3
22/8/2024 6:05,7.4,7.5,7.4
22/8/2024 6:10,7.3,7.5,7.3
22/8/2024 6:15,7.3,7.4,7.3
22/8/2024 6:20,7.3,7.4,7.3
22/8/2024 6:25,7.3,7.6,7.3
22/8/2024 6:30,7.3,7.5,7.3
22/8/2024 6:35,7.3,7.4,7.3
22/8/2024 6:40,7.3,7.4,7.3
22/8/2024 6:45,7.3,7.5,7.3
22/8/2024 6:50,7.3,7.5,7.3
22/8/2024 6:55,7.3,7.5,7.3
22/8/2024 7:00,7.3,7.5,7.3
22/8/2024 7:05,7.3,7.5,7.3
22/8/2024 7:10,7.4,7.6,7.4
22/8/2024 7:15,7.4,7.5,7.4
22/8/2024 7:20,7.3,7.6,7.3
22/8/2024 7:25,7.4,7.5,7.4
22/8/2024 7:30,7.4,7.5,7.4
22/8/2024 7:35,7.3,7.4,7.3
22/8/2024 7:40,7.3,7.5,7.3
22/8/2024 7:45,7.3,7.4,7.3
22/8/2024 7:50,7.3,7.5,7.3
22/8/2024 7:55,7.3,7.5,7.3
22/8/2024 8:00,7.3,7.4,7.3
22/8/2024 8:05,7.3,7.4,7.3
22/8/2024 8:10,7.3,7.4,7.3
22/8/2024 8:15,7.3,7.4,7.3
22/8/2024 8:20,7.2,7.4,7.2
22/8/2024 8:25,7.2,7.3,7.2
22/8/2024 8:30,7.2,7.3,7.2
22/8/2024 8:35,7.2,7.3,7.2
22/8/2024 8:40,7,7.4,7
22/8/2024 8:45,7.1,7.3,7.1
22/8/2024 8:50,6.9,7.3,6.9
22/8/2024 8:55,6.9,7.3,6.9
22/8/2024 9:00,7,7.4,7
22/8/2024 9:05,7,7.5,7
22/8/2024 9:10,6.9,7.5,6.9
22/8/2024 9:15,6.9,7.5,6.9
22/8/2024 9:20,6.8,7.5,6.8
22/8/2024 9:25,6.6,7.5,6.6
22/8/2024 9:30,6.7,7.3,6.7
22/8/2024 9:35,6.8,7.4,6.8
22/8/2024 9:40,6.6,7.5,6.6
22/8/2024 9:45,6.6,7.5,6.6
22/8/2024 9:50,6.6,7.5,6.6
22/8/2024 9:55,6.7,7.3,6.7
22/8/2024 10:00,6.6,7.4,6.6
22/8/2024 10:05,6.7,7.4,6.7
22/8/2024 10:10,6.5,7.4,6.5
22/8/2024 10:15,6.7,7.5,6.7
22/8/2024 10:20,6.7,7.3,6.7
22/8/2024 10:25,6.5,7.4,6.5
22/8/2024 10:30,6.8,7.3,6.8
22/8/2024 10:35,6.5,7.3,6.5
22/8/2024 10:40,6.8,7.3,6.8
22/8/2024 10:45,6.8,7.3,6.8
22/8/2024 10:50,6.6,7.4,6.6
22/8/2024 10:55,6.5,7.5,6.5
22/8/2024 11:00,5.6,7.4,5.6
22/8/2024 11:05,6.5,7.3,6.5
22/8/2024 11:10,6.6,7.4,6.6
22/8/2024 11:15,6.5,7.3,6.5
22/8/2024 11:20,6.7,7.3,6.7
22/8/2024 11:25,6.8,7.2,6.8
22/8/2024 11:30,6.7,6.9,6.7
22/8/2024 11:35,6.8,6.9,6.8
22/8/2024 11:40,6.6,6.9,6.6
22/8/2024 11:45,6.6,6.8,6.6
22/8/2024 11:50,6.6,6.8,6.6
22/8/2024 11:55,6.7,6.9,6.7
22/8/2024 12:00,6.5,7,6.5
22/8/2024 12:05,6.6,6.9,6.6
22/8/2024 12:10,6.6,6.9,6.6
22/8/2024 12:15,6.6,6.8,6.6
22/8/2024 12:20,6.5,6.7,6.5
22/8/2024 12:25,6.6,6.7,6.6
22/8/2024 12:30,6.5,6.7,6.5
22/8/2024 12:35,6.5,6.6,6.5
22/8/2024 12:40,6.2,6.9,6.2
22/8/2024 12:45,6.2,7,6.2
22/8/2024 12:50,6.5,6.8,6.5
22/8/2024 12:55,6.5,6.6,6.5
22/8/2024 13:00,6.6,6.8,6.6
22/8/2024 13:05,6.3,7,6.3
22/8/2024 13:10,6.4,6.9,6.4
22/8/2024 13:15,6.1,6.9,6.1
22/8/2024 13:20,6.6,6.9,6.6
22/8/2024 13:25,6.5,6.9,6.5
22/8/2024 13:30,6.6,6.9,6.6
22/8/2024 13:35,6.2,7.3,6.2
22/8/2024 13:40,6.2,7,6.2
22/8/2024 13:45,6.6,6.9,6.6
22/8/2024 13:50,6.5,7.3,6.5
22/8/2024 13:55,6.5,7.5,6.5
22/8/2024 14:00,6,7.9,6
22/8/2024 14:05,6.3,7.3,6.3
22/8/2024 14:10,5.9,7.5,5.9
22/8/2024 14:15,6.5,7.5,6.5
22/8/2024 14:20,6.3,7.8,6.3
22/8/2024 14:25,6.8,7.6,6.8
22/8/2024 14:30,6.8,7.6,6.8
22/8/2024 14:35,6.9,7.6,6.9
22/8/2024 14:40,6.8,7.6,6.8
22/8/2024 14:45,6.9,7.8,6.9
22/8/2024 14:50,7.1,7.8,7.1
22/8/2024 14:55,7.3,7.4,7.3
22/8/2024 15:00,7.2,7.4,7.2
22/8/2024 15:05,7,7.6,7
22/8/2024 15:10,7.3,7.5,7.3
22/8/2024 15:15,7.3,7.4,7.3
22/8/2024 15:20,7.3,7.5,7.3
22/8/2024 15:25,7.3,7.6,7.3
22/8/2024 15:30,7.3,7.6,7.3
22/8/2024 15:35,6.9,7.6,6.9
22/8/2024 15:40,7.3,7.6,7.3
22/8/2024 15:45,7.4,7.5,7.4
22/8/2024 15:50,7.4,7.5,7.4
22/8/2024 15:55,7.4,7.5,7.4
22/8/2024 16:00,7.3,7.5,7.3
22/8/2024 16:05,7.4,7.7,7.4
22/8/2024 16:10,7.6,7.8,7.6
22/8/2024 16:15,7.6,7.8,7.6
22/8/2024 16:20,7.4,7.8,7.4
22/8/2024 16:25,7.5,7.8,7.5
22/8/2024 16:30,7.3,7.8,7.3
22/8/2024 16:35,7.5,7.7,7.5
22/8/2024 16:40,7.3,7.9,7.3
22/8/2024 16:45,7.4,7.7,7.4
22/8/2024 16:50,7.5,7.7,7.5
22/8/2024 16:55,7.6,7.7,7.6
22/8/2024 17:00,7.4,7.7,7.4
22/8/2024 17:05,7.3,7.7,7.3
22/8/2024 17:10,7.3,7.8,7.3
22/8/2024 17:15,7.5,7.7,7.5
22/8/2024 17:20,7.4,7.7,7.4
22/8/2024 17:25,7.4,7.7,7.4
22/8/2024 17:30,7.4,7.6,7.4
22/8/2024 17:35,7.3,7.6,7.3
22/8/2024 17:40,7.4,7.8,7.4
22/8/2024 17:45,7.4,7.6,7.4
22/8/2024 17:50,7.4,7.7,7.4
22/8/2024 17:55,7.4,7.7,7.4
22/8/2024 18:00,7.4,7.7,7.4
22/8/2024 18:05,7.2,7.6,7.2
22/8/2024 18:10,7.4,7.6,7.4
22/8/2024 18:15,7.4,7.7,7.4
22/8/2024 18:20,7.4,7.6,7.4
22/8/2024 18:25,7.4,7.6,7.4
22/8/2024 18:30,7.3,7.7,7.3
22/8/2024 18:35,7.2,7.6,7.2
22/8/2024 18:40,7.3,7.6,7.3
22/8/2024 18:45,7.3,7.5,7.3
22/8/2024 18:50,7.4,7.6,7.4
22/8/2024 18:55,7.4,7.6,7.4
22/8/2024 19:00,7.4,7.5,7.4
22/8/2024 19:05,7.3,7.5,7.3
22/8/2024 19:10,7.1,7.8,7.1
22/8/2024 19:15,7.3,7.6,7.3
22/8/2024 19:20,7.4,7.6,7.4
22/8/2024 19:25,7.4,7.7,7.4
22/8/2024 19:30,7.4,7.6,7.4
22/8/2024 19:35,7.4,7.6,7.4
22/8/2024 19:40,7.3,7.6,7.3
22/8/2024 19:45,7.2,7.6,7.2
22/8/2024 19:50,7.2,7.6,7.2
22/8/2024 19:55,7.3,8,7.3
22/8/2024 20:00,7.2,7.7,7.2
22/8/2024 20:05,7.3,7.8,7.3
22/8/2024 20:10,7.4,7.8,7.4
22/8/2024 20:15,7.5,7.8,7.5
22/8/2024 20:20,7.5,7.7,7.5
22/8/2024 20:25,7.4,7.7,7.4
22/8/2024 20:30,7.4,7.7,7.4
22/8/2024 20:35,7.5,7.6,7.5
22/8/2024 20:40,7.5,7.6,7.5
22/8/2024 20:45,7.3,7.8,7.3
22/8/2024 20:50,7.5,7.7,7.5
22/8/2024 20:55,7.5,7.6,7.5
22/8/2024 21:00,7.5,7.7,7.5
22/8/2024 21:05,7.5,7.6,7.5
22/8/2024 21:10,7.4,7.6,7.4
22/8/2024 21:15,7.4,7.6,7.4
22/8/2024 21:20,7.3,7.7,7.3
22/8/2024 21:25,7.4,7.7,7.4
22/8/2024 21:30,7.4,7.6,7.4
22/8/2024 21:35,7.4,7.5,7.4
22/8/2024 21:40,7.4,7.6,7.4
22/8/2024 21:45,7.2,7.6,7.2
22/8/2024 21:50,7.3,7.6,7.3
22/8/2024 21:55,7.5,7.7,7.5
22/8/2024 22:00,7.4,7.7,7.4
22/8/2024 22:05,7.6,7.7,7.6
22/8/2024 22:10,7.5,7.6,7.5
22/8/2024 22:15,6.9,7.8,6.9
22/8/2024 22:20,7.2,7.7,7.2
22/8/2024 22:25,7.1,7.7,7.1
22/8/2024 22:30,7.3,7.7,7.3
22/8/2024 22:35,7.1,7.8,7.1
22/8/2024 22:40,6.9,7.9,6.9
22/8/2024 22:45,7.4,7.7,7.4
22/8/2024 22:50,7.2,7.6,7.2
22/8/2024 22:55,7.4,7.6,7.4
22/8/2024 23:00,7.1,7.6,7.1
22/8/2024 23:05,6.6,7.9,6.6
22/8/2024 23:10,6.8,7.9,6.8
22/8/2024 23:15,6.7,7.8,6.7
22/8/2024 23:20,6.8,7.9,6.8
22/8/2024 23:25,7.2,7.7,7.2
22/8/2024 23:30,7,7.8,7
22/8/2024 23:35,6.9,7.8,6.9
22/8/2024 23:40,6.9,7.8,6.9
22/8/2024 23:45,7.1,7.9,7.1
